step,graph_idx,status,energy,fmax,temperature,pressure_eV_A3,volume_A3,density_g_cm3
0.0,0.0,0.0,-2100091.0,4.899106025695801,199.06558227539062,-0.0018268786370754242,35528.2421875,1.1981430053710938
100.0,0.0,0.0,-2100090.5,4.658620357513428,198.25035095214844,-0.0028665801510214806,35515.2265625,1.1985818147659302
200.0,0.0,0.0,-2100089.0,4.466000080108643,196.0261993408203,-0.003047703532502055,35474.80859375,1.1999475955963135
300.0,0.0,0.0,-2100091.0,4.562994003295898,201.96817016601562,-0.002698042429983616,35407.87890625,1.2022161483764648
400.0,0.0,0.0,-2100090.0,4.196726322174072,201.99807739257812,-0.002642706036567688,35315.98046875,1.2053442001342773
500.0,0.0,0.0,-2100090.75,4.579044818878174,205.38351440429688,-0.0019040968036279082,35201.17578125,1.209275484085083
600.0,0.0,0.0,-2100090.25,5.080109119415283,204.11216735839844,-0.0033098338171839714,35065.6015625,1.2139508724212646
700.0,0.0,0.0,-2100093.0,4.482365608215332,204.97434997558594,-0.001773762865923345,34910.70703125,1.219336986541748
800.0,0.0,0.0,-2100094.25,4.3924336433410645,199.01417541503906,-0.0020144707523286343,34739.71484375,1.2253386974334717
900.0,0.0,0.0,-2100097.25,5.093286991119385,199.4066162109375,-0.0010508815757930279,34556.2421875,1.2318445444107056
1000.0,0.0,0.0,-2100096.25,5.322915077209473,195.4868621826172,-0.0017438670620322227,34365.328125,1.2386879920959473
1100.0,0.0,0.0,-2100098.0,5.003230571746826,200.42291259765625,-0.002651978749781847,34171.87109375,1.2457003593444824
1200.0,0.0,0.0,-2100095.75,4.093423366546631,198.3798828125,-0.0009045558981597424,33980.19140625,1.2527273893356323
1300.0,0.0,0.0,-2100097.0,4.612897872924805,201.85366821289062,-0.0004931873409077525,33794.640625,1.2596054077148438
1400.0,0.0,0.0,-2100095.75,4.621188163757324,198.03640747070312,0.0011719702742993832,33619.41015625,1.2661707401275635
1500.0,0.0,0.0,-2100099.5,4.1267499923706055,200.82093811035156,-0.0012554882559925318,33457.46875,1.27229905128479
1600.0,0.0,0.0,-2100099.25,3.77643084526062,192.58966064453125,-0.00021368975285440683,33308.859375,1.2779759168624878
1700.0,0.0,0.0,-2100102.0,4.285223960876465,196.2566680908203,0.0006544884527102113,33174.82421875,1.2831389904022217
1800.0,0.0,0.0,-2100103.25,4.807084560394287,201.1057586669922,0.0007313288515433669,33054.9921875,1.2877908945083618
1900.0,0.0,0.0,-2100102.75,4.260363578796387,203.1465301513672,0.0015499945729970932,32948.37109375,1.291958212852478
2000.0,0.0,0.0,-2100099.5,4.3115081787109375,199.3461456298828,3.4210970625281334e-06,32855.5859375,1.2956067323684692
2100.0,0.0,0.0,-2100099.0,4.35549259185791,200.07923889160156,0.0014523688005283475,32776.2109375,1.2987442016601562
2200.0,0.0,0.0,-2100099.5,4.322354793548584,201.20022583007812,0.0009605317609384656,32710.814453125,1.3013406991958618
2300.0,0.0,0.0,-2100100.25,4.838162422180176,198.48635864257812,0.002502238377928734,32659.73046875,1.303376317024231
2400.0,0.0,0.0,-2100103.25,4.19489860534668,195.43142700195312,0.0014754226431250572,32623.5390625,1.3048222064971924
2500.0,0.0,0.0,-2100104.25,4.944601058959961,193.27197265625,0.0008183395257219672,32600.490234375,1.3057447671890259
2600.0,0.0,0.0,-2100103.75,4.047272205352783,194.48379516601562,0.0018434789963066578,32588.853515625,1.3062108755111694
2700.0,0.0,0.0,-2100102.5,5.329443454742432,197.48239135742188,0.0010779064614325762,32589.03515625,1.3062033653259277
2800.0,0.0,0.0,-2100100.0,4.375762939453125,198.24166870117188,0.002319027204066515,32601.51953125,1.3057034015655518
2900.0,0.0,0.0,-2100100.5,4.022710800170898,202.01766967773438,0.0006430225912481546,32626.7109375,1.3046953678131104
3000.0,0.0,0.0,-2100101.0,4.361169338226318,203.88076782226562,0.0017980614211410284,32662.759765625,1.3032554388046265
3100.0,0.0,0.0,-2100101.25,4.466418743133545,202.93218994140625,0.0013704521115869284,32708.67578125,1.3014260530471802
3200.0,0.0,0.0,-2100100.0,5.012258529663086,197.9926300048828,0.0015166723169386387,32763.2578125,1.299257755279541
3300.0,0.0,0.0,-2100101.0,4.501266002655029,197.8718719482422,0.0011169740464538336,32825.73828125,1.2967846393585205
3400.0,0.0,0.0,-2100103.5,4.411369323730469,201.75697326660156,-0.00035232154186815023,32893.9453125,1.294095754623413
3500.0,0.0,0.0,-2100101.5,4.695974349975586,194.69503784179688,0.0014178480487316847,32965.2265625,1.291297435760498
3600.0,0.0,0.0,-2100104.0,4.227352142333984,198.90878295898438,9.066099300980568e-05,33039.62109375,1.288389801979065
3700.0,0.0,0.0,-2100101.75,4.7901740074157715,197.38385009765625,0.0007154090562835336,33115.5234375,1.285436987876892
3800.0,0.0,0.0,-2100100.5,4.569479942321777,201.1653289794922,-0.0005458004307001829,33191.28515625,1.28250253200531
3900.0,0.0,0.0,-2100097.25,4.413640022277832,199.4925079345703,0.0001264995662495494,33265.4921875,1.27964186668396
4000.0,0.0,0.0,-2100099.25,4.126155853271484,205.0066680908203,0.0006037038983777165,33336.921875,1.276900053024292
4100.0,0.0,0.0,-2100096.0,4.258834362030029,196.9698944091797,0.0001452934229746461,33405.875,1.2742642164230347
4200.0,0.0,0.0,-2100098.75,4.625582695007324,200.5701904296875,-0.0005597416311502457,33472.21875,1.2717386484146118
4300.0,0.0,0.0,-2100101.0,4.641441822052002,201.17410278320312,-0.002090796362608671,33533.84375,1.2694016695022583
4400.0,0.0,0.0,-2100100.75,4.752082824707031,195.12600708007812,0.00016056280583143234,33587.91015625,1.267358422279358
4500.0,0.0,0.0,-2100102.0,4.213688850402832,194.84613037109375,0.00012330350000411272,33634.24609375,1.2656123638153076
4600.0,0.0,0.0,-2100100.75,4.351363182067871,195.38861083984375,-0.0005869226297363639,33673.28515625,1.2641451358795166
4700.0,0.0,0.0,-2100097.25,4.226966857910156,199.02651977539062,-0.001419298816472292,33705.328125,1.2629430294036865
4800.0,0.0,0.0,-2100098.5,5.1224822998046875,206.26527404785156,-0.001715184305794537,33729.796875,1.2620271444320679
4900.0,0.0,0.0,-2100098.25,4.230276107788086,204.44866943359375,0.00032195576932281256,33746.296875,1.261410117149353
5000.0,0.0,0.0,-2100098.25,3.926123857498169,201.83676147460938,-0.00015444669406861067,33756.34375,1.2610344886779785
5100.0,0.0,0.0,-2100098.5,4.11442756652832,199.02142333984375,-0.0007475102320313454,33760.07421875,1.2608951330184937
5200.0,0.0,0.0,-2100100.25,4.684679985046387,199.63589477539062,-0.0023144707083702087,33757.1796875,1.2610033750534058
5300.0,0.0,0.0,-2100099.5,4.622445106506348,196.12786865234375,-0.0013787756906822324,33746.7578125,1.2613927125930786
5400.0,0.0,0.0,-2100099.25,4.5996012687683105,197.04832458496094,0.0005331765860319138,33729.421875,1.2620410919189453
5500.0,0.0,0.0,-2100099.0,4.7393412590026855,201.47654724121094,-0.0004422718193382025,33705.5546875,1.262934684753418
5600.0,0.0,0.0,-2100097.0,4.31660795211792,203.35617065429688,-0.0003357456298545003,33675.84765625,1.2640489339828491
5700.0,0.0,0.0,-2100096.25,4.518440246582031,204.8684539794922,-0.002359788864850998,33642.30078125,1.26530921459198
5800.0,0.0,0.0,-2100099.0,4.401326656341553,209.27487182617188,-0.00038862950168550014,33604.953125,1.2667156457901
5900.0,0.0,0.0,-2100097.75,4.348178863525391,197.63018798828125,0.00016877916641533375,33563.96875,1.2682620286941528
6000.0,0.0,0.0,-2100100.0,4.873874664306641,196.17079162597656,4.594307392835617e-05,33521.53515625,1.2698676586151123
6100.0,0.0,0.0,-2100100.5,4.650665760040283,197.02125549316406,-0.0005889084422960877,33478.1875,1.2715117931365967
6200.0,0.0,0.0,-2100100.5,3.8793342113494873,197.7458038330078,-0.0017402960220351815,33432.71484375,1.273241400718689
6300.0,0.0,0.0,-2100100.0,4.6472673416137695,198.33888244628906,0.0007120119407773018,33385.40234375,1.275045394897461
6400.0,0.0,0.0,-2100099.75,4.362442493438721,200.32752990722656,-4.7107692807912827e-05,33338.25,1.2768492698669434
6500.0,0.0,0.0,-2100099.25,4.384797096252441,202.92694091796875,0.0013480185298249125,33292.22265625,1.2786144018173218
6600.0,0.0,0.0,-2100096.25,4.443751335144043,198.44607543945312,-0.0007139035733416677,33248.73046875,1.2802869081497192
6700.0,0.0,0.0,-2100099.5,4.416285514831543,206.37722778320312,-0.0006152593996375799,33208.91796875,1.2818217277526855
6800.0,0.0,0.0,-2100097.0,4.636687278747559,197.79754638671875,0.00034558260813355446,33172.2109375,1.2832403182983398
6900.0,0.0,0.0,-2100101.5,3.9272196292877197,199.2085723876953,0.0003374313237145543,33139.14453125,1.2845207452774048
7000.0,0.0,0.0,-2100101.75,4.223694801330566,194.33465576171875,0.0012174883158877492,33109.25390625,1.2856802940368652
7100.0,0.0,0.0,-2100103.5,4.3201985359191895,197.9929962158203,-0.0006625546375289559,33083.37890625,1.286685824394226
7200.0,0.0,0.0,-2100100.75,4.506211280822754,195.90914916992188,0.0007945206016302109,33061.5625,1.2875348329544067
7300.0,0.0,0.0,-2100100.25,3.923175573348999,200.54360961914062,0.00034932070411741734,33044.4296875,1.288202166557312
7400.0,0.0,0.0,-2100099.5,4.371082782745361,202.23675537109375,0.0012013817904517055,33031.66796875,1.2887002229690552
7500.0,0.0,0.0,-2100098.25,4.497531890869141,199.7439422607422,0.0011149225756525993,33023.4296875,1.289021611213684
7600.0,0.0,0.0,-2100099.75,4.361114025115967,201.42686462402344,-0.0005335558671504259,33020.4609375,1.2891372442245483
7700.0,0.0,0.0,-2100098.75,4.952240943908691,197.3795928955078,0.0008265512296929955,33022.2890625,1.289066195487976
7800.0,0.0,0.0,-2100100.75,4.123541355133057,200.2015838623047,0.00018322246614843607,33028.61328125,1.2888193130493164
7900.0,0.0,0.0,-2100101.25,4.344848155975342,200.24732971191406,0.0015814350917935371,33039.171875,1.2884076833724976
8000.0,0.0,0.0,-2100101.0,4.274076461791992,199.3024444580078,0.00014056952204555273,33053.94921875,1.2878315448760986
8100.0,0.0,0.0,-2100100.25,4.935645580291748,197.9574737548828,0.0002028868766501546,33071.46875,1.28714919090271
8200.0,0.0,0.0,-2100101.25,4.1894330978393555,199.8343963623047,0.00026737863663583994,33091.12109375,1.2863849401474
8300.0,0.0,0.0,-2100101.25,4.293303966522217,200.60313415527344,-1.910957507789135e-06,33112.46484375,1.2855557203292847
8400.0,0.0,0.0,-2100099.75,5.062323093414307,198.69497680664062,0.0011451072059571743,33135.5234375,1.284661054611206
8500.0,0.0,0.0,-2100100.25,4.239078044891357,202.734130859375,-0.0005410138983279467,33160.984375,1.2836745977401733
8600.0,0.0,0.0,-2100098.5,5.229493618011475,201.3843536376953,0.0007729607168585062,33187.4921875,1.2826493978500366
8700.0,0.0,0.0,-2100099.5,4.26343297958374,203.6108856201172,-1.061649527400732e-05,33215.125,1.2815821170806885
8800.0,0.0,0.0,-2100098.5,5.426779270172119,200.0219268798828,0.00015846930909901857,33243.6875,1.280480980873108
8900.0,0.0,0.0,-2100100.25,5.327930450439453,200.2237548828125,-0.00022779451683163643,33272.515625,1.2793715000152588
9000.0,0.0,0.0,-2100100.75,4.540781021118164,197.42950439453125,-0.0010194487404078245,33300.55078125,1.2782944440841675
9100.0,0.0,0.0,-2100102.75,4.787861347198486,199.0186004638672,0.0007797351572662592,33326.0078125,1.2773178815841675
9200.0,0.0,0.0,-2100102.25,3.902303695678711,197.60061645507812,-0.00030558276921510696,33349.44921875,1.2764201164245605
9300.0,0.0,0.0,-2100100.0,4.660459041595459,197.37428283691406,0.000547936069779098,33370.59765625,1.2756112813949585
9400.0,0.0,0.0,-2100098.5,4.311047554016113,202.59185791015625,-0.0013680438278242946,33390.015625,1.2748693227767944
9500.0,0.0,0.0,-2100097.75,3.9250009059906006,205.42613220214844,0.0002451117616146803,33407.08984375,1.2742180824279785
9600.0,0.0,0.0,-2100098.0,3.854346990585327,204.6000213623047,4.6442379243671894e-05,33421.52734375,1.2736674547195435
9700.0,0.0,0.0,-2100097.75,4.544130802154541,200.18948364257812,-0.00042349426075816154,33433.91015625,1.273195743560791
9800.0,0.0,0.0,-2100098.75,5.2687788009643555,198.57986450195312,-0.0002019490348175168,33444.109375,1.2728074789047241
9900.0,0.0,0.0,-2100100.5,4.41834831237793,199.23536682128906,-0.0011936440132558346,33451.58984375,1.2725231647491455
