mode_index,classification,irrep,frequency_cm-1,imaginary_frequency_cm-1,ir_intensity_km_mol,reduced_mass_u,force_constant_mDyne_A
0,TR,,0.0,2.8920000692323502e-05,29.31564222873798,2.5541743155839405,-1.258627929231662e-15
1,TR,,0.0,2.1230353393912073e-05,31.250259155312204,2.760863752386579,-7.331783881381602e-16
2,TR,,0.0,1.001747597757486e-05,6.569067511028233,5.106555718137365,-3.019221165758538e-16
3,TR,,0.0,5.879168240687481e-14,25.25527887532717,15.994548273975951,-3.257271721104835e-32
4,TR,,9.319451228824874e-14,0.0,49.75695014160667,2.014107587116917,1.0306556263759851e-32
5,TR,,2.1834097177012403e-05,0.0,23.861102138968445,3.180998139801341,8.93478540484792e-16
6,V,,1251.1939388853891,0.0,40.42981812303526,2.2624950762750253,2.0868303279595817
7,V,,2698.324757120484,0.0,0.49449310420369375,2.1565591977323355,9.251242248423528
8,V,,2823.063641179863,0.0,21.4583942191825,2.2834724937146222,10.722285208797466
