step,graph_idx,status,energy,fmax,temperature,pressure_eV_A3,volume_A3,density_g_cm3
0.0,0.0,0.0,-2098760.0,6.953217506408691,494.4638671875,0.0021445977035909,56953.5625,0.7474144101142883
100.0,0.0,0.0,-2098635.5,8.035185813903809,368.9591369628906,0.0003979192115366,56953.5625,0.747414231300354
200.0,0.0,0.0,-2098629.75,6.326388835906982,438.04302978515625,-0.0008028249721974,56953.5625,0.747414231300354
300.0,0.0,0.0,-2098611.0,7.295191287994385,455.2988586425781,-8.782371878623962e-06,56953.5625,0.7474144101142883
400.0,0.0,0.0,-2098601.0,7.090055465698242,470.0587768554687,-0.0009392073843628,56953.5625,0.7474143505096436
500.0,0.0,0.0,-2098600.5,7.198356628417969,482.2479553222656,0.000318560283631,56953.5625,0.7474142909049988
600.0,0.0,0.0,-2098599.75,6.778334140777588,494.1471862792969,0.0009834845550358,56953.5625,0.7474143505096436
700.0,0.0,0.0,-2098600.75,6.4918341636657715,498.6574096679687,0.0008579703280702,56953.5625,0.7474143505096436
800.0,0.0,0.0,-2098594.5,7.717282295227051,491.6342468261719,-0.0002403566613793,56953.5625,0.7474141716957092
900.0,0.0,0.0,-2098593.75,7.275450229644775,491.568359375,0.0009098738664761,56953.5625,0.7474144101142883
1000.0,0.0,0.0,-2098596.75,7.006056308746338,500.1531372070313,0.0005778118502348,56953.5625,0.7474143505096436
1100.0,0.0,0.0,-2098589.0,7.162369251251221,500.5010070800781,0.0012812690110877,56953.5625,0.7474142909049988
1200.0,0.0,0.0,-2098583.25,7.1429572105407715,489.4612121582031,0.0011512289056554,56953.5625,0.7474143505096436
1300.0,0.0,0.0,-2098587.75,7.409265518188477,511.7021179199219,0.0012376841623336,56953.5625,0.7474142909049988
1400.0,0.0,0.0,-2098589.0,9.043331146240234,499.8284301757813,0.0008253114065155,56953.5625,0.7474144101142883
1500.0,0.0,0.0,-2098596.0,6.944889545440674,505.8344421386719,0.0001440884079784,56953.5625,0.7474143505096436
1600.0,0.0,0.0,-2098588.75,6.458935737609863,488.6949462890625,0.0009517280850559,56953.5625,0.7474143505096436
1700.0,0.0,0.0,-2098585.5,6.684351444244385,492.5899353027344,0.000877222395502,56953.5625,0.7474142909049988
1800.0,0.0,0.0,-2098590.25,7.353562355041504,501.3111572265625,0.0013981382362544,56953.5625,0.7474143505096436
1900.0,0.0,0.0,-2098592.25,7.621912479400635,501.78033447265625,0.0004918491467833,56953.5625,0.7474144101142883
2000.0,0.0,0.0,-2098588.0,7.384981155395508,500.7343444824219,0.0004895261954516,56953.5625,0.7474144101142883
2100.0,0.0,0.0,-2098587.75,7.17313289642334,495.7137145996094,0.0005345633253455,56953.5625,0.747414231300354
2200.0,0.0,0.0,-2098587.25,6.145746231079102,496.6847839355469,0.0008105032611638,56953.5625,0.747414231300354
2300.0,0.0,0.0,-2098596.0,5.913139343261719,492.5550537109375,0.0013844163622707,56953.5625,0.7474143505096436
2400.0,0.0,0.0,-2098597.0,7.268677711486816,495.1698913574219,0.0019306251779198,56953.5625,0.7474143505096436
2500.0,0.0,0.0,-2098590.25,6.926624298095703,495.912353515625,0.0011886885622516,56953.5625,0.7474143505096436
2600.0,0.0,0.0,-2098588.25,6.394812107086182,487.2974548339844,-0.000163645716384,56953.5625,0.7474144101142883
2700.0,0.0,0.0,-2098587.0,6.203282356262207,490.9034118652344,0.0007277798140421,56953.5625,0.7474142909049988
2800.0,0.0,0.0,-2098588.0,6.862610816955566,493.9791870117187,0.0007562538376078,56953.5625,0.7474143505096436
2900.0,0.0,0.0,-2098586.0,7.759269714355469,504.8214416503906,0.000297751976177,56953.5625,0.7474142909049988
3000.0,0.0,0.0,-2098586.75,7.54901123046875,497.4856567382813,0.0022095728199929,56953.5625,0.7474143505096436
3100.0,0.0,0.0,-2098585.5,6.637082099914551,499.5831909179687,0.0016057235188782,56953.5625,0.7474144101142883
3200.0,0.0,0.0,-2098587.0,7.318896293640137,505.8214416503906,0.0015892786905169,56953.5625,0.7474142909049988
3300.0,0.0,0.0,-2098587.5,7.136423587799072,517.0836791992188,0.0009313935879617,56953.5625,0.7474144101142883
3400.0,0.0,0.0,-2098587.25,6.64463996887207,510.51849365234375,0.0014691731194034,56953.5625,0.7474144101142883
3500.0,0.0,0.0,-2098584.25,6.732545852661133,509.6148986816406,0.0009078243747353,56953.5625,0.7474143505096436
3600.0,0.0,0.0,-2098582.0,6.676987171173096,499.3134460449219,0.0004417095333337,56953.5625,0.7474144101142883
3700.0,0.0,0.0,-2098578.75,9.996273040771484,500.6795043945313,0.0014230435481294,56953.5625,0.7474143505096436
3800.0,0.0,0.0,-2098577.75,7.324682712554932,505.19085693359375,0.0008603347232565,56953.5625,0.7474144101142883
3900.0,0.0,0.0,-2098587.25,7.219064235687256,511.3146667480469,0.0022482620552182,56953.5625,0.7474142909049988
4000.0,0.0,0.0,-2098589.25,6.760806560516357,506.1636047363281,0.0006235311739146,56953.5625,0.747414231300354
4100.0,0.0,0.0,-2098582.25,7.42365837097168,502.56494140625,9.068683721125126e-05,56953.5625,0.7474143505096436
4200.0,0.0,0.0,-2098585.5,6.9320068359375,498.4269714355469,0.0013586850836873,56953.5625,0.7474142909049988
4300.0,0.0,0.0,-2098586.5,7.005645275115967,506.7593688964844,0.0014034588821232,56953.5625,0.7474143505096436
4400.0,0.0,0.0,-2098585.25,7.1516265869140625,495.1123352050781,0.0009471424855291,56953.5625,0.7474142909049988
4500.0,0.0,0.0,-2098582.5,8.395598411560059,496.70062255859375,0.0018754573538899,56953.5625,0.7474144101142883
4600.0,0.0,0.0,-2098585.25,7.44577169418335,505.15966796875,0.0014887868892401,56953.5625,0.7474144101142883
4700.0,0.0,0.0,-2098583.25,6.369057655334473,506.2473449707031,0.0006719590164721,56953.5625,0.7474142909049988
4800.0,0.0,0.0,-2098584.75,6.763540267944336,508.8342895507813,0.0013838059967383,56953.5625,0.7474144101142883
4900.0,0.0,0.0,-2098581.75,7.225615978240967,495.0777893066406,0.0009147704113274,56953.5625,0.7474142909049988
5000.0,0.0,0.0,-2098586.25,6.901048183441162,497.8160705566406,0.0007889887783676,56953.5625,0.7474143505096436
5100.0,0.0,0.0,-2098586.75,7.282412052154541,498.6341247558594,0.0021096961572766,56953.5625,0.7474144101142883
5200.0,0.0,0.0,-2098585.0,8.484834671020508,495.4929809570313,0.0020390679128468,56953.5625,0.7474143505096436
5300.0,0.0,0.0,-2098586.75,6.701168060302734,506.4928894042969,0.0018897408153861,56953.5625,0.7474144101142883
5400.0,0.0,0.0,-2098584.5,6.939380645751953,505.1524658203125,0.0014497841475531,56953.5625,0.7474143505096436
5500.0,0.0,0.0,-2098586.0,6.88191032409668,489.774169921875,0.000852862605825,56953.5625,0.7474142909049988
5600.0,0.0,0.0,-2098588.0,7.385572910308838,494.1108703613281,-6.985757499933243e-05,56953.5625,0.7474144697189331
5700.0,0.0,0.0,-2098588.25,6.370982646942139,486.6261596679687,0.0009000818245112,56953.5625,0.7474142909049988
5800.0,0.0,0.0,-2098592.5,7.33815336227417,487.4267883300781,0.0017042983090505,56953.5625,0.7474144697189331
5900.0,0.0,0.0,-2098586.25,6.456604957580566,490.7940673828125,0.0026145945303142,56953.5625,0.7474144697189331
6000.0,0.0,0.0,-2098587.25,6.696134090423584,497.05029296875,0.0011421547969803,56953.5625,0.7474143505096436
6100.0,0.0,0.0,-2098582.5,6.05918550491333,498.31585693359375,0.0020732434932142,56953.5625,0.7474142909049988
6200.0,0.0,0.0,-2098578.5,6.874533176422119,507.9600830078125,0.0001056441105902,56953.5625,0.7474141716957092
6300.0,0.0,0.0,-2098580.75,6.384387493133545,502.8423767089844,0.0019022228661924,56953.5625,0.7474142909049988
6400.0,0.0,0.0,-2098581.5,7.389993190765381,493.7815551757813,0.0018612741259858,56953.5625,0.7474143505096436
6500.0,0.0,0.0,-2098587.25,7.148449897766113,506.0704956054687,0.0031930536497384,56953.5625,0.7474142909049988
6600.0,0.0,0.0,-2098582.25,6.746550559997559,495.52734375,0.0012705717235803,56953.5625,0.7474143505096436
6700.0,0.0,0.0,-2098583.25,7.297947883605957,488.9436340332031,0.0013832278782501,56953.5625,0.7474141716957092
6800.0,0.0,0.0,-2098588.25,6.730708599090576,495.1493225097656,0.0008980105631053,56953.5625,0.7474144101142883
6900.0,0.0,0.0,-2098587.75,6.473188400268555,487.6677551269531,0.0002747655380517,56953.5625,0.7474143505096436
7000.0,0.0,0.0,-2098587.75,7.418315887451172,495.18115234375,0.002005873946473,56953.5625,0.7474142909049988
7100.0,0.0,0.0,-2098584.25,6.823861598968506,487.9090576171875,0.0018549438100308,56953.5625,0.7474143505096436
7200.0,0.0,0.0,-2098585.0,6.037854194641113,491.0137634277344,0.0016213958151638,56953.5625,0.7474143505096436
7300.0,0.0,0.0,-2098583.75,7.301122665405273,499.4219665527344,0.0018797004595398,56953.5625,0.747414231300354
7400.0,0.0,0.0,-2098586.0,6.255280494689941,498.3289184570313,0.0016414693091064,56953.5625,0.7474144697189331
7500.0,0.0,0.0,-2098587.25,7.004174709320068,497.19488525390625,0.0016410298412665,56953.5625,0.7474143505096436
7600.0,0.0,0.0,-2098584.25,6.601564884185791,496.2689208984375,0.0006389487534761,56953.5625,0.7474144697189331
7700.0,0.0,0.0,-2098585.0,7.864483833312988,504.080078125,0.0018755292985588,56953.5625,0.7474144697189331
7800.0,0.0,0.0,-2098588.75,6.873086452484131,498.0049133300781,0.0017154216766357,56953.5625,0.7474142909049988
7900.0,0.0,0.0,-2098589.0,7.444703578948975,485.0346984863281,0.0012986296787858,56953.5625,0.7474144697189331
8000.0,0.0,0.0,-2098590.0,6.536314964294434,490.4602355957031,0.0014399477513507,56953.5625,0.747414231300354
8100.0,0.0,0.0,-2098590.5,7.930420398712158,490.9725341796875,0.0017293638084083,56953.5625,0.747414231300354
8200.0,0.0,0.0,-2098587.25,5.910652160644531,483.1741638183594,0.0014355137245729,56953.5625,0.7474142909049988
8300.0,0.0,0.0,-2098590.75,6.982562065124512,484.3326110839844,0.0011885678395628,56953.5625,0.7474143505096436
8400.0,0.0,0.0,-2098583.5,7.9545392990112305,488.3189392089844,0.0021614162251353,56953.5625,0.747414231300354
8500.0,0.0,0.0,-2098582.5,7.073031902313232,489.8858337402344,0.0020622799638658,56953.5625,0.747414231300354
8600.0,0.0,0.0,-2098585.25,6.640724182128906,502.3041076660156,0.0024683119263499,56953.5625,0.7474143505096436
8700.0,0.0,0.0,-2098583.75,6.513659954071045,487.3974609375,0.0011446850840002,56953.5625,0.7474143505096436
8800.0,0.0,0.0,-2098585.0,7.290489673614502,486.7419128417969,0.0003718435764312,56953.5625,0.7474142909049988
8900.0,0.0,0.0,-2098583.75,8.230871200561523,486.24603271484375,0.0003892134409397,56953.5625,0.7474143505096436
9000.0,0.0,0.0,-2098585.0,7.023886680603027,498.6612854003906,0.0022671285551041,56953.5625,0.7474143505096436
9100.0,0.0,0.0,-2098585.25,8.112953186035156,495.1085510253906,0.0016240717377513,56953.5625,0.7474144101142883
9200.0,0.0,0.0,-2098583.5,6.694436550140381,498.49755859375,0.0015637286705896,56953.5625,0.7474143505096436
9300.0,0.0,0.0,-2098583.5,6.6551513671875,496.30218505859375,0.0016112939920276,56953.5625,0.7474143505096436
9400.0,0.0,0.0,-2098580.25,6.561193943023682,487.5318603515625,0.0003103900235146,56953.5625,0.7474141716957092
9500.0,0.0,0.0,-2098583.5,6.42935037612915,499.4210205078125,0.0019140029326081,56953.5625,0.7474142909049988
9600.0,0.0,0.0,-2098582.5,8.707606315612793,498.4701232910156,0.0014293772401288,56953.5625,0.7474144101142883
9700.0,0.0,0.0,-2098581.75,6.763969421386719,494.3982238769531,0.0019252653000876,56953.5625,0.7474143505096436
9800.0,0.0,0.0,-2098583.25,8.343011856079102,512.0462646484375,0.0012608345132321,56953.5625,0.7474143505096436
9900.0,0.0,0.0,-2098587.0,6.0384368896484375,516.4387817382812,0.0023507154546678,56953.5625,0.7474143505096436
10000.0,0.0,0.0,-2098581.0,7.413500785827637,501.8294372558594,0.0008424185216426,56953.5625,0.747414231300354
10100.0,0.0,0.0,-2098586.0,7.134651184082031,501.4221801757813,0.0015321276150643,56953.5625,0.747414231300354
10200.0,0.0,0.0,-2098581.0,7.27216911315918,497.2720947265625,0.0009846793254837,56953.5625,0.7474144697189331
10300.0,0.0,0.0,-2098584.0,6.860170364379883,507.451171875,0.0014564858283847,56953.5625,0.747414231300354
10400.0,0.0,0.0,-2098579.25,7.441203117370605,501.7867431640625,0.0009738518856465,56953.5625,0.7474144101142883
10500.0,0.0,0.0,-2098583.75,7.167827606201172,503.7742004394531,0.0010903014335781,56953.5625,0.7474144101142883
10600.0,0.0,0.0,-2098585.5,7.913826942443848,505.8008728027344,0.0018051879014819,56953.5625,0.7474144697189331
10700.0,0.0,0.0,-2098582.0,7.104530334472656,498.88623046875,0.0012065990595147,56953.5625,0.7474143505096436
10800.0,0.0,0.0,-2098582.25,7.18940544128418,501.2210693359375,0.0015638608019798,56953.5625,0.7474144101142883
10900.0,0.0,0.0,-2098580.5,7.990452766418457,498.077392578125,0.0019308343762531,56953.5625,0.7474143505096436
11000.0,0.0,0.0,-2098578.75,6.744823455810547,494.8204040527344,0.0015347028383985,56953.5625,0.7474141716957092
11100.0,0.0,0.0,-2098583.5,6.222297191619873,507.98638916015625,0.0006762330885976,56953.5625,0.7474144697189331
11200.0,0.0,0.0,-2098581.75,6.619607925415039,501.08349609375,0.0015029741916805,56953.5625,0.7474143505096436
11300.0,0.0,0.0,-2098583.25,6.491537094116211,493.166259765625,2.8757145628333092e-05,56953.5625,0.7474143505096436
11400.0,0.0,0.0,-2098580.25,7.7969441413879395,493.34130859375,0.0012580767506733,56953.5625,0.7474141716957092
11500.0,0.0,0.0,-2098585.25,8.0645112991333,504.1341857910156,0.0020508933812379,56953.5625,0.7474143505096436
11600.0,0.0,0.0,-2098583.5,7.366981029510498,496.8760986328125,0.0009885719045996,56953.5625,0.7474143505096436
11700.0,0.0,0.0,-2098585.25,9.05593204498291,489.1412658691406,0.0019111018627882,56953.5625,0.7474144101142883
11800.0,0.0,0.0,-2098588.75,6.912389755249023,514.3245849609375,0.0012412302894517,56953.5625,0.7474143505096436
11900.0,0.0,0.0,-2098578.0,7.009624481201172,494.1556396484375,0.0027431552298367,56953.5625,0.7474141716957092
12000.0,0.0,0.0,-2098584.75,6.556111812591553,499.62054443359375,0.0017373912269249,56953.5625,0.747414231300354
12100.0,0.0,0.0,-2098582.0,6.81773567199707,494.6911010742187,0.0019697318784892,56953.5625,0.7474144697189331
12200.0,0.0,0.0,-2098586.75,7.649985790252685,498.8255004882813,-0.0004068701528012,56953.5625,0.7474142909049988
12300.0,0.0,0.0,-2098582.25,7.048492431640625,494.43499755859375,0.0020004133693873,56953.5625,0.7474144101142883
12400.0,0.0,0.0,-2098581.75,6.7355475425720215,489.110595703125,0.0021927398629486,56953.5625,0.7474144101142883
12500.0,0.0,0.0,-2098580.75,8.973112106323242,491.9561462402344,0.0019435475114732,56953.5625,0.7474143505096436
12600.0,0.0,0.0,-2098584.75,6.4389142990112305,505.69830322265625,0.0017872974276542,56953.5625,0.7474142909049988
12700.0,0.0,0.0,-2098581.25,6.266045570373535,489.6011657714844,0.0016518199117854,56953.5625,0.7474142909049988
12800.0,0.0,0.0,-2098590.0,5.866940975189209,500.2831115722656,0.001701486413367,56953.5625,0.7474144101142883
12900.0,0.0,0.0,-2098582.5,8.280866622924805,484.9809875488281,0.0010857469169422,56953.5625,0.7474142909049988
13000.0,0.0,0.0,-2098580.75,7.241572380065918,493.51611328125,0.0008843592368066,56953.5625,0.747414231300354
13100.0,0.0,0.0,-2098581.75,6.928318500518799,494.9190979003906,0.0013261761050671,56953.5625,0.7474144697189331
13200.0,0.0,0.0,-2098586.5,6.780745983123779,506.1564331054687,0.0027679863851517,56953.5625,0.7474141716957092
13300.0,0.0,0.0,-2098578.75,6.722417831420898,501.28955078125,0.0019730282947421,56953.5625,0.7474144101142883
13400.0,0.0,0.0,-2098582.5,7.097546100616455,500.1340026855469,0.0014844597317278,56953.5625,0.747414231300354
13500.0,0.0,0.0,-2098581.0,7.040905952453613,487.9070129394531,0.0017344439402222,56953.5625,0.7474141716957092
13600.0,0.0,0.0,-2098576.75,7.147038459777832,499.4481506347656,0.0019601034000515,56953.5625,0.7474143505096436
13700.0,0.0,0.0,-2098579.75,6.000175952911377,505.9143676757813,0.0011933667119592,56953.5625,0.7474142909049988
13800.0,0.0,0.0,-2098584.25,6.210448741912842,512.305419921875,0.0025702980346977,56953.5625,0.7474142909049988
13900.0,0.0,0.0,-2098583.0,8.22739315032959,497.7130126953125,0.0017542769201099,56953.5625,0.7474143505096436
14000.0,0.0,0.0,-2098582.75,8.100703239440918,494.1764221191406,0.0023356131277978,56953.5625,0.7474142909049988
14100.0,0.0,0.0,-2098585.25,6.532304763793945,491.08099365234375,0.0009460356086492,56953.5625,0.747414231300354
14200.0,0.0,0.0,-2098584.75,6.871469020843506,506.3295593261719,0.0009599871700629,56953.5625,0.7474142909049988
14300.0,0.0,0.0,-2098577.5,8.523930549621582,487.2760925292969,0.0011093086795881,56953.5625,0.7474144101142883
14400.0,0.0,0.0,-2098581.75,7.609218597412109,508.7473449707031,0.0017842561937868,56953.5625,0.747414231300354
14500.0,0.0,0.0,-2098578.0,6.352441787719727,499.5941162109375,0.0006869367789477,56953.5625,0.7474144101142883
14600.0,0.0,0.0,-2098583.25,6.682129383087158,504.5603637695313,0.0009323151316493,56953.5625,0.7474142909049988
14700.0,0.0,0.0,-2098579.75,6.616127967834473,506.68707275390625,0.0019526629475876,56953.5625,0.7474144101142883
14800.0,0.0,0.0,-2098580.0,7.315270900726318,500.99407958984375,0.0018626796081662,56953.5625,0.7474143505096436
14900.0,0.0,0.0,-2098582.75,7.380301475524902,511.0284118652344,0.0023327430244535,56953.5625,0.7474143505096436
15000.0,0.0,0.0,-2098585.25,6.383874893188477,512.622802734375,0.0012553352862596,56953.5625,0.747414231300354
15100.0,0.0,0.0,-2098584.25,6.223236083984375,505.7583923339844,0.0016366671770811,56953.5625,0.7474144101142883
15200.0,0.0,0.0,-2098583.75,6.546685218811035,510.0494384765625,0.0014538223622366,56953.5625,0.747414231300354
15300.0,0.0,0.0,-2098585.75,7.302384853363037,508.33489990234375,0.0015483349561691,56953.5625,0.7474142909049988
15400.0,0.0,0.0,-2098581.75,8.448592185974121,506.4415588378906,0.0010801086900755,56953.5625,0.7474143505096436
15500.0,0.0,0.0,-2098588.75,6.891774654388428,507.0203857421875,0.0008728775428608,56953.5625,0.747414231300354
15600.0,0.0,0.0,-2098586.75,7.396270275115967,488.6332702636719,0.000995626207441,56953.5625,0.747414231300354
15700.0,0.0,0.0,-2098587.5,8.454651832580566,491.8504333496094,0.0023062489926815,56953.5625,0.7474143505096436
15800.0,0.0,0.0,-2098590.25,7.041459560394287,503.26171875,0.0021981068421155,56953.5625,0.7474144101142883
15900.0,0.0,0.0,-2098582.25,6.712911128997803,498.8307495117187,0.0021814976353198,56953.5625,0.7474144101142883
16000.0,0.0,0.0,-2098589.25,7.15149450302124,504.4527587890625,0.002079586032778,56953.5625,0.7474142909049988
16100.0,0.0,0.0,-2098582.25,7.602499008178711,493.5771789550781,0.0011762978974729,56953.5625,0.7474143505096436
16200.0,0.0,0.0,-2098586.75,6.97700834274292,512.1381225585938,0.0010720682330429,56953.5625,0.7474142909049988
16300.0,0.0,0.0,-2098578.0,7.931037902832031,504.90380859375,0.0009298346703872,56953.5625,0.7474143505096436
16400.0,0.0,0.0,-2098581.5,7.373067855834961,509.9302978515625,0.0017764621879905,56953.5625,0.7474144101142883
16500.0,0.0,0.0,-2098579.25,6.354247570037842,507.2224731445313,0.0022768690250813,56953.5625,0.7474144101142883
16600.0,0.0,0.0,-2098578.75,8.136171340942383,507.843994140625,0.0011669932864606,56953.5625,0.7474143505096436
16700.0,0.0,0.0,-2098582.5,7.411257266998291,504.3171691894531,0.0013069917913526,56953.5625,0.7474144697189331
16800.0,0.0,0.0,-2098578.75,6.803327560424805,492.2283020019531,0.0017591502983123,56953.5625,0.7474143505096436
16900.0,0.0,0.0,-2098582.75,8.836280822753906,496.4610595703125,0.0022381257731467,56953.5625,0.7474143505096436
17000.0,0.0,0.0,-2098586.0,6.384608268737793,488.1090698242187,0.0016679260879755,56953.5625,0.747414231300354
17100.0,0.0,0.0,-2098584.0,6.645935535430908,489.0013732910156,0.0012814786750823,56953.5625,0.7474144697189331
17200.0,0.0,0.0,-2098583.25,6.61508321762085,493.19140625,0.0017559104599058,56953.5625,0.7474143505096436
17300.0,0.0,0.0,-2098581.75,6.5913896560668945,492.9369201660156,0.0019497883040457,56953.5625,0.7474142909049988
17400.0,0.0,0.0,-2098582.25,6.890077114105225,499.204345703125,0.0020027449354529,56953.5625,0.7474143505096436
17500.0,0.0,0.0,-2098589.5,7.137476444244385,509.1347351074219,0.0018869447521865,56953.5625,0.7474143505096436
17600.0,0.0,0.0,-2098588.75,6.856886863708496,481.8130187988281,0.0017653864342719,56953.5625,0.7474144101142883
17700.0,0.0,0.0,-2098586.5,6.507426738739014,488.56005859375,0.0020010941661894,56953.5625,0.7474142909049988
17800.0,0.0,0.0,-2098584.5,8.958998680114746,495.2064514160156,0.0015917223645374,56953.5625,0.7474142909049988
17900.0,0.0,0.0,-2098585.0,6.633864402770996,499.1575012207031,0.0018572221742942,56953.5625,0.747414231300354
18000.0,0.0,0.0,-2098585.0,6.564847469329834,504.0715942382813,0.0025695413351058,56953.5625,0.7474144101142883
18100.0,0.0,0.0,-2098578.75,6.805581569671631,495.5350646972656,0.0019117447081953,56953.5625,0.7474144697189331
18200.0,0.0,0.0,-2098580.5,8.329784393310547,492.4219055175781,0.0003731520846486,56953.5625,0.747414231300354
18300.0,0.0,0.0,-2098591.75,7.603482246398926,509.7406005859375,0.0010514275636523,56953.5625,0.7474142909049988
18400.0,0.0,0.0,-2098585.75,6.670905590057373,491.0636596679687,0.0016680469270795,56953.5625,0.7474141716957092
18500.0,0.0,0.0,-2098584.5,7.934912204742432,486.54095458984375,0.0024960027076303,56953.5625,0.7474144101142883
18600.0,0.0,0.0,-2098587.25,6.709287643432617,487.8936462402344,0.0022787686903029,56953.5625,0.7474144101142883
18700.0,0.0,0.0,-2098584.75,7.447497367858887,489.9989318847656,0.0015827296301722,56953.5625,0.747414231300354
18800.0,0.0,0.0,-2098585.5,7.168971538543701,489.9632263183594,0.0013333805836737,56953.5625,0.7474142909049988
18900.0,0.0,0.0,-2098586.25,6.2520365715026855,491.9444580078125,0.0019686953164637,56953.5625,0.7474143505096436
19000.0,0.0,0.0,-2098587.0,6.304466724395752,488.5744323730469,0.0017511323094367,56953.5625,0.7474144697189331
19100.0,0.0,0.0,-2098587.5,6.686436176300049,491.2136840820313,0.001478383783251,56953.5625,0.7474144101142883
19200.0,0.0,0.0,-2098588.25,8.234045028686523,494.1355590820313,0.0010474899318069,56953.5625,0.7474144101142883
19300.0,0.0,0.0,-2098586.0,8.026833534240723,487.2143249511719,0.0009917117422446,56953.5625,0.7474143505096436
19400.0,0.0,0.0,-2098585.25,7.078300476074219,495.978271484375,0.0019144967664033,56953.5625,0.7474143505096436
19500.0,0.0,0.0,-2098583.0,6.366480350494385,497.7398681640625,0.0020365240052342,56953.5625,0.7474142909049988
19600.0,0.0,0.0,-2098579.5,6.565990924835205,490.0284729003906,0.0009095274144783,56953.5625,0.7474144101142883
19700.0,0.0,0.0,-2098584.75,6.623667240142822,483.5767517089844,0.0012631879653781,56953.5625,0.7474143505096436
19800.0,0.0,0.0,-2098584.0,6.279208660125732,500.2877502441406,0.0017609861679375,56953.5625,0.7474142909049988
19900.0,0.0,0.0,-2098585.0,7.011056900024414,508.6043701171875,0.0020244983024895,56953.5625,0.7474142909049988
20000.0,0.0,0.0,-2098584.0,6.4584431648254395,502.0044250488281,0.0022469125688076,56953.5625,0.7474143505096436
20100.0,0.0,0.0,-2098584.75,6.795706272125244,496.2186584472656,0.0021329429000616,56953.5625,0.747414231300354
20200.0,0.0,0.0,-2098583.5,7.302218914031982,498.1770935058594,-0.0001485224347561,56953.5625,0.7474144101142883
20300.0,0.0,0.0,-2098585.0,7.462779521942139,490.33203125,0.0019694454967975,56953.5625,0.7474143505096436
20400.0,0.0,0.0,-2098587.0,7.727299690246582,494.0042419433594,0.0023673176765441,56953.5625,0.7474143505096436
20500.0,0.0,0.0,-2098582.75,8.101263999938965,491.2576599121094,0.0025937100872397,56953.5625,0.747414231300354
20600.0,0.0,0.0,-2098585.5,7.316093444824219,499.0101623535156,0.0017435668269172,56953.5625,0.7474144101142883
20700.0,0.0,0.0,-2098583.0,7.238952159881592,494.6682434082031,0.0010640266118571,56953.5625,0.7474143505096436
20800.0,0.0,0.0,-2098585.5,6.505973815917969,503.7701416015625,0.0017241052119061,56953.5625,0.7474143505096436
20900.0,0.0,0.0,-2098587.75,7.885733604431152,513.2018432617188,0.0006993806455284,56953.5625,0.7474142909049988
21000.0,0.0,0.0,-2098584.0,6.426665782928467,502.4944763183594,0.0014206162886694,56953.5625,0.7474143505096436
21100.0,0.0,0.0,-2098582.5,6.657237529754639,500.7691345214844,0.0021858415566384,56953.5625,0.7474141716957092
21200.0,0.0,0.0,-2098580.5,6.504082202911377,501.6607971191406,0.0025375545956194,56953.5625,0.747414231300354
21300.0,0.0,0.0,-2098585.25,7.366528511047363,493.1029357910156,0.0014360793866217,56953.5625,0.7474142909049988
21400.0,0.0,0.0,-2098579.75,6.837058067321777,504.6209411621094,0.0014137749094516,56953.5625,0.7474142909049988
21500.0,0.0,0.0,-2098580.25,6.101524353027344,505.330810546875,0.0018307410646229,56953.5625,0.7474144101142883
21600.0,0.0,0.0,-2098582.5,7.360268592834473,501.1004028320313,0.001854894333519,56953.5625,0.7474144101142883
21700.0,0.0,0.0,-2098578.25,6.683809280395508,496.1463317871094,0.0018727279966697,56953.5625,0.7474144101142883
21800.0,0.0,0.0,-2098584.75,6.903010845184326,497.1694641113281,0.0012038504937663,56953.5625,0.7474141716957092
21900.0,0.0,0.0,-2098585.0,6.419556617736816,493.41064453125,0.0020502083934843,56953.5625,0.7474142909049988
22000.0,0.0,0.0,-2098585.5,7.285470008850098,489.7381286621094,0.0018752061296254,56953.5625,0.7474144697189331
22100.0,0.0,0.0,-2098585.75,6.880768775939941,494.8347778320313,0.0008497207891196,56953.5625,0.7474142909049988
22200.0,0.0,0.0,-2098581.0,7.0384392738342285,492.8550109863281,0.0026284498162567,56953.5625,0.7474144101142883
22300.0,0.0,0.0,-2098586.0,7.774089336395264,496.2938537597656,0.0016754835378378,56953.5625,0.7474141716957092
22400.0,0.0,0.0,-2098581.25,6.922741413116455,492.022705078125,0.0010672775097191,56953.5625,0.7474144101142883
22500.0,0.0,0.0,-2098580.0,8.130644798278809,491.6732482910156,0.0013094116002321,56953.5625,0.7474143505096436
22600.0,0.0,0.0,-2098584.5,7.800379753112793,494.7228698730469,0.0018177800811827,56953.5625,0.747414231300354
22700.0,0.0,0.0,-2098583.75,6.488502502441406,489.7780151367187,0.0023930254392325,56953.5625,0.7474144101142883
22800.0,0.0,0.0,-2098585.75,6.497080326080322,501.1321716308594,0.0018855503294616,56953.5625,0.7474142909049988
22900.0,0.0,0.0,-2098577.75,6.908359050750732,499.9647521972656,0.0015433044172823,56953.5625,0.7474143505096436
23000.0,0.0,0.0,-2098587.0,6.952431678771973,507.75885009765625,0.0019700853154063,56953.5625,0.7474143505096436
23100.0,0.0,0.0,-2098580.5,6.537003993988037,491.1221618652344,0.0011139649432152,56953.5625,0.747414231300354
23200.0,0.0,0.0,-2098584.5,8.466353416442871,500.7536315917969,0.0017141258576884,56953.5625,0.7474143505096436
23300.0,0.0,0.0,-2098581.0,6.682615756988525,497.4897155761719,0.001175235142,56953.5625,0.7474144101142883
23400.0,0.0,0.0,-2098582.75,7.244908809661865,507.1004028320313,0.0023833699524402,56953.5625,0.7474144101142883
23500.0,0.0,0.0,-2098580.75,7.012083053588867,489.6310729980469,0.0013985272962599,56953.5625,0.747414231300354
23600.0,0.0,0.0,-2098580.5,7.495279312133789,482.965576171875,0.0029600078705698,56953.5625,0.7474143505096436
23700.0,0.0,0.0,-2098579.75,7.410861968994141,497.2222900390625,0.001462583662942,56953.5625,0.7474143505096436
23800.0,0.0,0.0,-2098580.75,6.385615825653076,501.4190368652344,0.0014298572205007,56953.5625,0.7474141716957092
23900.0,0.0,0.0,-2098583.25,8.551711082458496,503.02105712890625,0.0012942469911649,56953.5625,0.7474143505096436
24000.0,0.0,0.0,-2098586.75,7.003605365753174,502.0286865234375,0.000666276551783,56953.5625,0.7474144697189331
24100.0,0.0,0.0,-2098583.0,6.975820064544678,496.462890625,0.0016299514099955,56953.5625,0.7474142909049988
24200.0,0.0,0.0,-2098581.0,6.474212169647217,499.2969665527344,0.0018094426486641,56953.5625,0.7474144697189331
24300.0,0.0,0.0,-2098582.25,7.244103908538818,498.3681640625,0.0012788844760507,56953.5625,0.7474144101142883
24400.0,0.0,0.0,-2098582.25,6.536192893981934,493.3414306640625,0.0017596262041479,56953.5625,0.7474144101142883
24500.0,0.0,0.0,-2098583.75,7.291088581085205,503.309814453125,0.0019290681229904,56953.5625,0.7474144101142883
24600.0,0.0,0.0,-2098578.25,6.694324016571045,497.4681701660156,0.0008576612453907,56953.5625,0.7474144101142883
24700.0,0.0,0.0,-2098579.75,8.703034400939941,499.605224609375,0.0006128421518951,56953.5625,0.7474142909049988
24800.0,0.0,0.0,-2098579.75,8.21226692199707,499.1503601074219,0.0019092867150902,56953.5625,0.7474144697189331
24900.0,0.0,0.0,-2098581.25,6.676415920257568,500.1950073242187,0.0013806319329887,56953.5625,0.7474142909049988
25000.0,0.0,0.0,-2098578.5,7.218644618988037,502.8519592285156,0.001710150623694,56953.5625,0.7474142909049988
25100.0,0.0,0.0,-2098579.5,7.310070514678955,507.6007385253906,0.0018975434359163,56953.5625,0.7474144101142883
25200.0,0.0,0.0,-2098583.25,7.451945781707764,501.6763000488281,0.0021981466561555,56953.5625,0.7474144697189331
25300.0,0.0,0.0,-2098579.0,6.22954797744751,494.5057373046875,0.0015342235565185,56953.5625,0.7474143505096436
25400.0,0.0,0.0,-2098584.5,6.712217807769775,498.3028869628906,0.0019691688939929,56953.5625,0.7474144101142883
25500.0,0.0,0.0,-2098581.5,6.803898334503174,501.4942626953125,0.0008546528406441,56953.5625,0.747414231300354
25600.0,0.0,0.0,-2098579.75,7.898837566375732,497.9844970703125,0.0018703478854149,56953.5625,0.747414231300354
25700.0,0.0,0.0,-2098579.0,8.069843292236328,506.1726989746094,0.0029752464033663,56953.5625,0.7474142909049988
25800.0,0.0,0.0,-2098582.0,7.146098613739014,506.7686462402344,0.0021634164731949,56953.5625,0.7474144101142883
25900.0,0.0,0.0,-2098578.5,7.635964870452881,509.6456604003906,0.0021765176206827,56953.5625,0.7474142909049988
26000.0,0.0,0.0,-2098578.25,7.202080249786377,501.9429931640625,0.000861725769937,56953.5625,0.7474142909049988
26100.0,0.0,0.0,-2098575.5,7.672367572784424,500.55218505859375,0.0031089035328477,56953.5625,0.7474143505096436
26200.0,0.0,0.0,-2098578.0,7.168772220611572,493.1237487792969,0.0023678527213633,56953.5625,0.747414231300354
26300.0,0.0,0.0,-2098580.25,9.224348068237305,499.3349304199219,0.0026745591312646,56953.5625,0.7474142909049988
26400.0,0.0,0.0,-2098583.25,8.141190528869629,503.0201110839844,0.0017740654293447,56953.5625,0.7474144697189331
26500.0,0.0,0.0,-2098585.25,6.249722957611084,499.6370544433594,0.0012340855319052,56953.5625,0.7474143505096436
26600.0,0.0,0.0,-2098582.0,7.016797065734863,505.0871276855469,0.00119298719801,56953.5625,0.7474142909049988
26700.0,0.0,0.0,-2098581.75,7.466554164886475,493.66156005859375,0.0003163835499435,56953.5625,0.7474144101142883
26800.0,0.0,0.0,-2098585.5,7.480895042419434,505.173828125,0.002677148906514,56953.5625,0.7474144101142883
26900.0,0.0,0.0,-2098583.75,7.6824631690979,496.28460693359375,0.0014879370573908,56953.5625,0.7474144697189331
27000.0,0.0,0.0,-2098584.75,6.263828277587891,488.6352233886719,0.000909165944904,56953.5625,0.7474143505096436
27100.0,0.0,0.0,-2098582.75,7.539070129394531,488.375244140625,0.0021355981007218,56953.5625,0.747414231300354
27200.0,0.0,0.0,-2098577.75,6.854061126708984,485.593017578125,0.002014513593167,56953.5625,0.7474142909049988
27300.0,0.0,0.0,-2098583.25,7.349467277526856,495.5729370117187,0.0024893865920603,56953.5625,0.7474142909049988
27400.0,0.0,0.0,-2098584.75,6.89626932144165,493.1193542480469,0.0011277146404609,56953.5625,0.7474142909049988
27500.0,0.0,0.0,-2098585.75,6.971072673797607,496.1285705566406,0.0016232307534664,56953.5625,0.747414231300354
27600.0,0.0,0.0,-2098583.25,6.214419364929199,495.8888244628906,0.0018333641346544,56953.5625,0.747414231300354
27700.0,0.0,0.0,-2098583.5,6.890077114105225,486.748291015625,0.0012797613162547,56953.5625,0.7474142909049988
27800.0,0.0,0.0,-2098592.0,6.735276222229004,500.9160461425781,0.0016315511893481,56953.5625,0.747414231300354
27900.0,0.0,0.0,-2098586.5,8.277873992919922,486.1451110839844,0.0026249426882714,56953.5625,0.7474142909049988
28000.0,0.0,0.0,-2098587.5,6.212725639343262,485.2148742675781,0.0021596907172352,56953.5625,0.7474144101142883
28100.0,0.0,0.0,-2098581.75,7.132673263549805,482.9199523925781,0.0020682141184806,56953.5625,0.7474143505096436
28200.0,0.0,0.0,-2098585.0,6.872795104980469,492.9911804199219,0.0017985275480896,56953.5625,0.7474144101142883
28300.0,0.0,0.0,-2098582.25,8.786853790283203,499.0566101074219,0.0004711032379418,56953.5625,0.7474142909049988
28400.0,0.0,0.0,-2098578.75,6.875716686248779,504.2923583984375,0.0020512868650257,56953.5625,0.7474144697189331
28500.0,0.0,0.0,-2098582.0,7.319708347320557,486.5906066894531,0.0020257346332073,56953.5625,0.7474144101142883
28600.0,0.0,0.0,-2098582.5,6.994688034057617,491.0941467285156,0.0014829045394435,56953.5625,0.7474143505096436
28700.0,0.0,0.0,-2098582.5,5.993408203125,492.4468688964844,0.0012912931852042,56953.5625,0.7474144101142883
28800.0,0.0,0.0,-2098586.0,6.261508464813232,501.04193115234375,0.001094005187042,56953.5625,0.7474142909049988
28900.0,0.0,0.0,-2098582.25,7.678061962127685,494.5183715820313,0.0021028309129178,56953.5625,0.7474144697189331
29000.0,0.0,0.0,-2098581.5,10.580974578857422,497.0792541503906,0.0015398410614579,56953.5625,0.7474143505096436
29100.0,0.0,0.0,-2098578.5,6.732669353485107,496.3674926757813,0.0019013690762221,56953.5625,0.7474143505096436
29200.0,0.0,0.0,-2098584.75,8.105717658996582,499.9793701171875,0.0013083518715575,56953.5625,0.7474143505096436
29300.0,0.0,0.0,-2098582.25,7.059772968292236,490.9572143554687,0.0019851913675665,56953.5625,0.7474143505096436
29400.0,0.0,0.0,-2098580.25,7.207247257232666,501.3804016113281,0.0009458091808483,56953.5625,0.7474143505096436
29500.0,0.0,0.0,-2098584.5,7.339357376098633,511.6331176757813,0.0022640640381723,56953.5625,0.7474144697189331
29600.0,0.0,0.0,-2098581.25,6.31346321105957,500.1998901367187,0.0012213721638545,56953.5625,0.7474142909049988
29700.0,0.0,0.0,-2098583.25,7.3993239402771,513.6541748046875,0.0019369727233424,56953.5625,0.7474143505096436
29800.0,0.0,0.0,-2098583.75,7.607023239135742,500.1331481933594,0.002321881474927,56953.5625,0.7474143505096436
29900.0,0.0,0.0,-2098582.75,6.67147970199585,498.7014770507813,0.0010200411779806,56953.5625,0.7474143505096436
30000.0,0.0,0.0,-2098579.25,7.214713573455811,490.21240234375,0.001088538323529,56953.5625,0.7474142909049988
30100.0,0.0,0.0,-2098582.5,8.671821594238281,502.6753845214844,0.0025259510148316,56953.5625,0.7474143505096436
30200.0,0.0,0.0,-2098579.5,7.078645706176758,490.2374572753906,0.0014166650362312,56953.5625,0.7474144101142883
30300.0,0.0,0.0,-2098577.5,7.755013465881348,496.6015625,0.0004651255439966,56953.5625,0.7474143505096436
30400.0,0.0,0.0,-2098581.0,7.026239395141602,508.9288330078125,0.0017873111646622,56953.5625,0.7474144101142883
30500.0,0.0,0.0,-2098582.0,6.7226409912109375,505.0744323730469,0.0028498829342424,56953.5625,0.7474142909049988
30600.0,0.0,0.0,-2098582.75,8.107196807861328,498.7659912109375,0.0013526125112548,56953.5625,0.747414231300354
30700.0,0.0,0.0,-2098581.5,7.408949375152588,510.0705871582031,0.001718693296425,56953.5625,0.747414231300354
30800.0,0.0,0.0,-2098583.0,7.729272365570068,510.0171813964844,0.0005576098337769,56953.5625,0.7474143505096436
30900.0,0.0,0.0,-2098584.0,6.478126049041748,512.15283203125,0.0018438379047438,56953.5625,0.7474142909049988
31000.0,0.0,0.0,-2098583.75,6.760704040527344,501.97308349609375,0.0013069259002804,56953.5625,0.7474142909049988
31100.0,0.0,0.0,-2098583.0,6.636201858520508,501.1232299804687,0.0011396289337426,56953.5625,0.7474142909049988
31200.0,0.0,0.0,-2098585.5,6.821512699127197,494.7723388671875,0.0023139750119298,56953.5625,0.7474142909049988
31300.0,0.0,0.0,-2098584.0,7.742890357971191,494.6542053222656,0.002678015967831,56953.5625,0.7474141716957092
31400.0,0.0,0.0,-2098588.25,7.032219409942627,500.9810791015625,0.0016033628489822,56953.5625,0.7474142909049988
31500.0,0.0,0.0,-2098589.25,6.855844497680664,504.0134887695313,0.0012720406521111,56953.5625,0.7474144697189331
31600.0,0.0,0.0,-2098585.0,7.665596008300781,492.1443481445313,0.0019289121264591,56953.5625,0.747414231300354
31700.0,0.0,0.0,-2098578.5,7.631859302520752,492.7886047363281,0.0019225635332986,56953.5625,0.7474144101142883
31800.0,0.0,0.0,-2098582.25,6.78953742980957,499.6147155761719,0.0014334286097437,56953.5625,0.747414231300354
31900.0,0.0,0.0,-2098581.0,7.321409702301025,499.68359375,0.0015766548458486,56953.5625,0.7474143505096436
32000.0,0.0,0.0,-2098579.25,6.943484783172607,493.8846435546875,0.001245321240276,56953.5625,0.747414231300354
32100.0,0.0,0.0,-2098579.75,7.33817195892334,491.5965270996094,0.0023251143284142,56953.5625,0.7474142909049988
32200.0,0.0,0.0,-2098576.5,7.756454467773437,499.095458984375,0.001941269962117,56953.5625,0.7474144697189331
32300.0,0.0,0.0,-2098582.5,6.946603775024414,499.0074157714844,0.0024777019862085,56953.5625,0.7474143505096436
32400.0,0.0,0.0,-2098584.0,7.255054473876953,488.50042724609375,0.0010403987253084,56953.5625,0.7474142909049988
32500.0,0.0,0.0,-2098586.25,7.719992637634277,499.7764892578125,0.0014397038612514,56953.5625,0.7474143505096436
32600.0,0.0,0.0,-2098584.25,6.180513858795166,485.32281494140625,0.0003745227586477,56953.5625,0.7474143505096436
32700.0,0.0,0.0,-2098586.75,6.148220062255859,500.7711791992187,0.0008728996617719,56953.5625,0.7474141716957092
32800.0,0.0,0.0,-2098586.0,6.510031223297119,482.3986206054687,0.0023941413965076,56953.5625,0.7474144101142883
32900.0,0.0,0.0,-2098585.0,7.437209129333496,490.8978576660156,0.0001650436315685,56953.5625,0.7474142909049988
33000.0,0.0,0.0,-2098587.25,6.196528911590576,496.10699462890625,0.0021056497935205,56953.5625,0.7474144101142883
33100.0,0.0,0.0,-2098586.25,6.465538024902344,502.0397644042969,0.0018821393605321,56953.5625,0.7474144101142883
33200.0,0.0,0.0,-2098583.25,8.064685821533203,491.403564453125,0.0018350535538047,56953.5625,0.747414231300354
33300.0,0.0,0.0,-2098586.5,6.272275924682617,508.4186706542969,0.0012890236685052,56953.5625,0.7474143505096436
33400.0,0.0,0.0,-2098584.5,6.843767166137695,504.9991149902344,0.001922067021951,56953.5625,0.7474141716957092
33500.0,0.0,0.0,-2098580.25,7.046778678894043,507.8765563964844,0.0017069722525775,56953.5625,0.7474143505096436
33600.0,0.0,0.0,-2098581.75,6.636301040649414,508.9591369628906,0.0010808426886796,56953.5625,0.7474142909049988
33700.0,0.0,0.0,-2098577.75,8.402807235717773,498.0994567871094,0.0013910352718085,56953.5625,0.7474144101142883
33800.0,0.0,0.0,-2098577.75,6.910947322845459,499.5319519042969,0.0030791480094194,56953.5625,0.7474142909049988
33900.0,0.0,0.0,-2098585.0,7.547600269317627,506.2804565429687,0.0018502144375815,56953.5625,0.7474144101142883
34000.0,0.0,0.0,-2098584.5,7.096996307373047,499.0198059082031,-5.946820601820946e-05,56953.5625,0.7474144101142883
34100.0,0.0,0.0,-2098584.25,7.609466075897217,492.3551025390625,0.001124647213146,56953.5625,0.7474144101142883
34200.0,0.0,0.0,-2098584.0,6.948121547698975,493.9884948730469,0.0011953035136684,56953.5625,0.7474142909049988
34300.0,0.0,0.0,-2098585.5,7.163210868835449,496.6860046386719,0.0023872095625847,56953.5625,0.7474144101142883
34400.0,0.0,0.0,-2098584.5,7.481715679168701,493.3011169433594,0.0010596844367682,56953.5625,0.7474141716957092
34500.0,0.0,0.0,-2098583.5,7.638464450836182,495.99554443359375,0.0008769712876528,56953.5625,0.7474143505096436
34600.0,0.0,0.0,-2098581.5,8.015144348144531,498.4765625,0.0021614762954413,56953.5625,0.7474143505096436
34700.0,0.0,0.0,-2098582.0,7.862756729125977,505.3496398925781,0.0007437672466039,56953.5625,0.7474143505096436
34800.0,0.0,0.0,-2098581.5,6.2493767738342285,509.28369140625,0.001521433936432,56953.5625,0.7474141716957092
34900.0,0.0,0.0,-2098579.5,6.485095024108887,497.8693542480469,0.0015416392125189,56953.5625,0.7474143505096436
35000.0,0.0,0.0,-2098582.75,8.511741638183594,504.1998901367187,0.0016615978674963,56953.5625,0.7474142909049988
35100.0,0.0,0.0,-2098577.25,6.412840366363525,504.8713073730469,0.0012340113753452,56953.5625,0.7474143505096436
35200.0,0.0,0.0,-2098576.5,7.037975788116455,510.4469909667969,0.0023785829544067,56953.5625,0.747414231300354
35300.0,0.0,0.0,-2098580.75,7.498587131500244,509.5482177734375,0.0013110139407217,56953.5625,0.7474143505096436
35400.0,0.0,0.0,-2098582.0,7.640488147735596,508.8221435546875,0.0026869429275393,56953.5625,0.7474144101142883
35500.0,0.0,0.0,-2098582.75,7.023436069488525,503.4134826660156,0.001445404603146,56953.5625,0.7474143505096436
35600.0,0.0,0.0,-2098582.75,7.330471515655518,504.3825378417969,0.0016760863363742,56953.5625,0.7474142909049988
35700.0,0.0,0.0,-2098587.5,6.804788589477539,502.6859436035156,0.0005478404927998,56953.5625,0.7474144101142883
35800.0,0.0,0.0,-2098585.25,7.01841402053833,492.5905151367187,0.0013920738128945,56953.5625,0.7474144101142883
35900.0,0.0,0.0,-2098582.25,7.1617207527160645,498.25738525390625,0.0016728969058021,56953.5625,0.7474142909049988
36000.0,0.0,0.0,-2098583.5,7.092747688293457,498.08355712890625,0.0016433300916105,56953.5625,0.7474142909049988
36100.0,0.0,0.0,-2098582.75,6.83359432220459,500.1589660644531,0.0022036812733858,56953.5625,0.7474142909049988
36200.0,0.0,0.0,-2098581.25,6.864548206329346,508.2464294433594,0.0015339055098593,56953.5625,0.7474143505096436
36300.0,0.0,0.0,-2098576.0,8.115221977233887,494.3426208496094,0.0023804963566362,56953.5625,0.7474142909049988
36400.0,0.0,0.0,-2098585.5,6.892423629760742,507.3737182617187,0.0024537583813071,56953.5625,0.7474144101142883
36500.0,0.0,0.0,-2098580.25,7.424845695495605,497.5423889160156,0.0022092848084867,56953.5625,0.7474142909049988
36600.0,0.0,0.0,-2098586.0,7.513469696044922,498.8518676757813,0.0006742253899574,56953.5625,0.7474143505096436
36700.0,0.0,0.0,-2098581.25,6.745650291442871,496.5653076171875,0.0011724234791472,56953.5625,0.7474141716957092
36800.0,0.0,0.0,-2098583.25,6.596746921539307,503.7825317382813,0.0019164751283824,56953.5625,0.7474142909049988
36900.0,0.0,0.0,-2098587.25,6.279903888702393,497.6590270996094,0.0011301251361146,56953.5625,0.7474143505096436
37000.0,0.0,0.0,-2098585.25,9.265088081359863,497.2140808105469,0.0024456100072711,56953.5625,0.7474142909049988
37100.0,0.0,0.0,-2098582.75,7.777393817901611,497.6613159179687,0.0006222904194146,56953.5625,0.7474143505096436
37200.0,0.0,0.0,-2098582.75,6.870894432067871,501.5648193359375,0.0025102274958044,56953.5625,0.7474143505096436
37300.0,0.0,0.0,-2098579.25,6.985644817352295,499.8326416015625,0.0021539877634495,56953.5625,0.7474142909049988
37400.0,0.0,0.0,-2098582.0,7.479912281036377,496.9839172363281,0.0019642843399196,56953.5625,0.7474144697189331
37500.0,0.0,0.0,-2098579.75,7.527321815490723,496.6857299804687,0.0026310407556593,56953.5625,0.7474143505096436
37600.0,0.0,0.0,-2098576.5,7.393877983093262,493.5948181152344,0.0017863298999145,56953.5625,0.7474143505096436
37700.0,0.0,0.0,-2098581.75,6.556354999542236,504.6990051269531,0.0017405204707756,56953.5625,0.7474144697189331
37800.0,0.0,0.0,-2098584.25,7.3273115158081055,499.00732421875,0.0012453753734007,56953.5625,0.7474144697189331
37900.0,0.0,0.0,-2098579.75,7.190074920654297,496.9908447265625,0.000916174147278,56953.5625,0.7474142909049988
38000.0,0.0,0.0,-2098584.5,6.349100589752197,494.78802490234375,0.0014292589621618,56953.5625,0.7474144101142883
38100.0,0.0,0.0,-2098583.0,7.430339813232422,493.3446044921875,0.0018891231156885,56953.5625,0.7474142909049988
38200.0,0.0,0.0,-2098586.5,6.208446025848389,491.7606201171875,0.0012195339659228,56953.5625,0.7474144101142883
38300.0,0.0,0.0,-2098587.25,6.181921482086182,487.13134765625,0.0026059269439429,56953.5625,0.7474143505096436
38400.0,0.0,0.0,-2098583.25,7.722692489624023,490.4061584472656,0.0019845792558044,56953.5625,0.7474144101142883
38500.0,0.0,0.0,-2098583.25,6.941032409667969,490.9572143554687,0.0006525733042508,56953.5625,0.7474143505096436
38600.0,0.0,0.0,-2098586.5,6.226261615753174,499.0565185546875,0.0018804456340149,56953.5625,0.7474142909049988
38700.0,0.0,0.0,-2098588.5,7.817129135131836,489.6771240234375,0.0013537025079131,56953.5625,0.7474144697189331
38800.0,0.0,0.0,-2098585.25,7.366563320159912,476.3362426757813,0.0015331407776102,56953.5625,0.7474143505096436
38900.0,0.0,0.0,-2098586.25,7.772248268127441,485.2576599121094,0.0009728258009999,56953.5625,0.7474144101142883
39000.0,0.0,0.0,-2098591.0,7.028602123260498,492.04638671875,0.0019870570395141,56953.5625,0.7474144697189331
39100.0,0.0,0.0,-2098590.25,7.528651237487793,487.6302185058594,0.0015795758226886,56953.5625,0.7474142909049988
39200.0,0.0,0.0,-2098586.5,6.8393120765686035,488.1852416992187,0.0017796570900827,56953.5625,0.7474144101142883
39300.0,0.0,0.0,-2098585.5,6.422092437744141,496.1908264160156,0.0019370432710275,56953.5625,0.7474144101142883
39400.0,0.0,0.0,-2098585.25,7.025475978851318,499.6456604003906,0.0004205463919788,56953.5625,0.7474144697189331
39500.0,0.0,0.0,-2098583.25,6.750025272369385,485.1352233886719,0.0021052164956927,56953.5625,0.7474142909049988
39600.0,0.0,0.0,-2098584.75,7.407843589782715,500.7518615722656,0.0020294098649173,56953.5625,0.7474144101142883
39700.0,0.0,0.0,-2098581.25,6.115442276000977,497.5722961425781,0.0019490757258608,56953.5625,0.7474141716957092
39800.0,0.0,0.0,-2098578.75,7.365837097167969,501.9698791503906,0.0005343938246369,56953.5625,0.7474143505096436
39900.0,0.0,0.0,-2098586.75,6.653312683105469,518.2589111328125,0.0022225477732717,56953.5625,0.7474142909049988
40000.0,0.0,0.0,-2098577.0,7.695741176605225,504.2420654296875,0.0016877651214599,56953.5625,0.7474142909049988
40100.0,0.0,0.0,-2098580.5,7.412440776824951,505.6218872070313,0.0015308549627661,56953.5625,0.7474144101142883
40200.0,0.0,0.0,-2098582.0,7.332947731018066,505.6018371582031,0.0008342454675585,56953.5625,0.747414231300354
40300.0,0.0,0.0,-2098578.0,7.844912528991699,493.7551574707031,0.0022121970541775,56953.5625,0.7474144101142883
40400.0,0.0,0.0,-2098584.0,6.510868549346924,500.8131713867187,0.0010663550347089,56953.5625,0.747414231300354
40500.0,0.0,0.0,-2098583.25,6.392847537994385,496.7931518554687,0.0017184282187372,56953.5625,0.7474142909049988
40600.0,0.0,0.0,-2098584.5,8.363941192626953,499.835205078125,0.0022888670209795,56953.5625,0.7474144101142883
40700.0,0.0,0.0,-2098578.25,6.364496231079102,495.8696594238281,0.0009330958127975,56953.5625,0.7474143505096436
40800.0,0.0,0.0,-2098579.25,7.207251071929932,493.4703369140625,0.0008415478514507,56953.5625,0.7474144101142883
40900.0,0.0,0.0,-2098580.25,7.790343284606934,501.59228515625,0.0017166662728413,56953.5625,0.7474144101142883
41000.0,0.0,0.0,-2098578.75,7.837793350219727,499.2457885742187,0.0016338005661964,56953.5625,0.7474141716957092
41100.0,0.0,0.0,-2098580.25,7.345841407775879,506.6202697753906,0.0010063254740089,56953.5625,0.7474144101142883
41200.0,0.0,0.0,-2098578.25,6.836465835571289,501.7133483886719,0.0018152894917875,56953.5625,0.7474141716957092
41300.0,0.0,0.0,-2098575.5,7.352696895599365,493.5909118652344,0.0009128369856625,56953.5625,0.7474144101142883
41400.0,0.0,0.0,-2098578.5,6.579343318939209,496.5672607421875,0.0020447154529392,56953.5625,0.747414231300354
41500.0,0.0,0.0,-2098583.75,7.248340606689453,499.3399353027344,0.0024440167471766,56953.5625,0.7474142909049988
41600.0,0.0,0.0,-2098583.25,7.520270824432373,500.1020812988281,0.0020502409897744,56953.5625,0.7474142909049988
41700.0,0.0,0.0,-2098588.0,8.478006362915039,494.1260070800781,0.0018903532763943,56953.5625,0.7474144101142883
41800.0,0.0,0.0,-2098588.25,7.283037662506104,508.7135925292969,0.0014451015740633,56953.5625,0.7474141716957092
41900.0,0.0,0.0,-2098580.25,6.727013111114502,509.4152526855469,0.0020857609342783,56953.5625,0.7474144697189331
42000.0,0.0,0.0,-2098583.5,6.743065357208252,507.5433654785156,0.0014962817076593,56953.5625,0.7474142909049988
42100.0,0.0,0.0,-2098577.5,7.016935348510742,506.3655700683594,0.0022767051123082,56953.5625,0.7474142909049988
42200.0,0.0,0.0,-2098582.25,6.610805034637451,494.1266784667969,0.00085268355906,56953.5625,0.747414231300354
42300.0,0.0,0.0,-2098579.75,7.701743602752685,498.0676574707031,0.0013199101667851,56953.5625,0.7474142909049988
42400.0,0.0,0.0,-2098583.25,6.413992404937744,490.4102783203125,0.0017584178131073,56953.5625,0.7474142909049988
42500.0,0.0,0.0,-2098583.75,7.163565635681152,493.9016418457031,0.0017133061774075,56953.5625,0.7474142909049988
42600.0,0.0,0.0,-2098585.0,6.907760143280029,507.693115234375,0.0017322367057204,56953.5625,0.7474142909049988
42700.0,0.0,0.0,-2098580.5,7.348254680633545,488.5623474121094,0.0023220211733132,56953.5625,0.7474144697189331
42800.0,0.0,0.0,-2098584.75,7.187297344207764,497.578369140625,0.0017290583346039,56953.5625,0.7474144697189331
42900.0,0.0,0.0,-2098579.75,8.363356590270996,492.1842651367187,0.0023103468120098,56953.5625,0.7474143505096436
43000.0,0.0,0.0,-2098581.75,7.269323825836182,499.2960205078125,0.0019209682941436,56953.5625,0.7474142909049988
43100.0,0.0,0.0,-2098582.25,7.033740043640137,493.3188171386719,0.0008919280953705,56953.5625,0.7474142909049988
43200.0,0.0,0.0,-2098586.5,6.746930122375488,501.86273193359375,0.0025243468116968,56953.5625,0.7474143505096436
43300.0,0.0,0.0,-2098584.5,6.668405055999756,501.3638000488281,0.0019525464158505,56953.5625,0.7474144697189331
43400.0,0.0,0.0,-2098588.0,7.0229997634887695,496.7935791015625,0.0020591365173459,56953.5625,0.7474144101142883
43500.0,0.0,0.0,-2098583.75,6.87367582321167,493.8587036132813,0.0005320571362972,56953.5625,0.7474141716957092
43600.0,0.0,0.0,-2098583.5,7.176627159118652,494.5013732910156,0.0025318525731563,56953.5625,0.747414231300354
43700.0,0.0,0.0,-2098580.75,6.653754234313965,497.1385498046875,0.0009250978473573,56953.5625,0.7474142909049988
43800.0,0.0,0.0,-2098585.25,6.757653713226318,505.6047058105469,0.002267344854772,56953.5625,0.7474143505096436
43900.0,0.0,0.0,-2098582.5,7.219337940216064,500.3977661132813,0.0017843545647338,56953.5625,0.7474143505096436
44000.0,0.0,0.0,-2098584.5,6.045621871948242,491.771728515625,0.0009516086429357,56953.5625,0.7474144101142883
44100.0,0.0,0.0,-2098582.75,7.314913749694824,495.4786987304687,0.0019844025373458,56953.5625,0.7474141716957092
44200.0,0.0,0.0,-2098584.25,7.287834644317627,498.5743408203125,0.0013198616215959,56953.5625,0.747414231300354
44300.0,0.0,0.0,-2098580.75,6.827752590179443,495.2653198242187,0.0015749530866742,56953.5625,0.7474142909049988
44400.0,0.0,0.0,-2098582.25,6.429004192352295,502.0289611816406,0.0009049703367054,56953.5625,0.7474144101142883
44500.0,0.0,0.0,-2098583.25,6.189269065856934,505.378173828125,0.0005684352945536,56953.5625,0.7474144101142883
44600.0,0.0,0.0,-2098586.25,6.849087715148926,504.82720947265625,0.0020960723049938,56953.5625,0.7474143505096436
44700.0,0.0,0.0,-2098583.75,7.7470316886901855,496.8727111816406,0.0026322572957724,56953.5625,0.7474143505096436
44800.0,0.0,0.0,-2098585.0,7.292772769927979,499.3351745605469,0.0016610594466328,56953.5625,0.7474142909049988
44900.0,0.0,0.0,-2098582.5,7.436892986297607,503.5836791992187,0.0007261259015649,56953.5625,0.747414231300354
45000.0,0.0,0.0,-2098581.25,6.545742511749268,501.3388366699219,0.0008220733143389,56953.5625,0.7474144101142883
45100.0,0.0,0.0,-2098578.0,6.851853847503662,496.8171997070313,0.0025372728705406,56953.5625,0.7474144101142883
45200.0,0.0,0.0,-2098583.75,7.668182849884033,503.7554016113281,0.0010515109170228,56953.5625,0.7474143505096436
45300.0,0.0,0.0,-2098584.75,8.241485595703125,507.45947265625,0.0020680003799498,56953.5625,0.7474144697189331
45400.0,0.0,0.0,-2098582.25,7.184462070465088,508.14935302734375,0.0018380266847088,56953.5625,0.7474142909049988
45500.0,0.0,0.0,-2098581.5,9.176830291748049,505.2400207519531,0.0015886783367022,56953.5625,0.7474143505096436
45600.0,0.0,0.0,-2098579.75,6.805764198303223,502.4398193359375,0.0017954595386981,56953.5625,0.7474143505096436
45700.0,0.0,0.0,-2098582.5,6.417487144470215,494.9894409179687,0.0009024345781654,56953.5625,0.7474144101142883
45800.0,0.0,0.0,-2098583.25,6.734943866729736,499.3499755859375,0.0019712569192051,56953.5625,0.7474142909049988
45900.0,0.0,0.0,-2098584.0,7.051347732543945,493.0813598632813,0.0008866188582032,56953.5625,0.7474144101142883
46000.0,0.0,0.0,-2098583.5,6.209562301635742,503.4620666503906,0.0025260604452341,56953.5625,0.7474143505096436
46100.0,0.0,0.0,-2098582.25,7.434187889099121,504.3538208007813,0.00112868740689,56953.5625,0.7474142909049988
46200.0,0.0,0.0,-2098586.5,6.835949420928955,508.18603515625,0.0009470537770539,56953.5625,0.7474143505096436
46300.0,0.0,0.0,-2098582.5,7.179052352905273,497.9717102050781,0.0015205714153125,56953.5625,0.7474144697189331
46400.0,0.0,0.0,-2098581.75,6.508900165557861,506.0478515625,0.0014466155553236,56953.5625,0.747414231300354
46500.0,0.0,0.0,-2098582.0,7.465641021728516,507.0626525878906,0.0016862815245985,56953.5625,0.7474143505096436
46600.0,0.0,0.0,-2098579.75,6.588641166687012,503.42822265625,0.0025040879845619,56953.5625,0.747414231300354
46700.0,0.0,0.0,-2098584.5,8.001646995544434,499.9516906738281,0.0016048019751906,56953.5625,0.7474143505096436
46800.0,0.0,0.0,-2098584.0,7.103342533111572,503.13482666015625,0.0021326006390154,56953.5625,0.7474142909049988
46900.0,0.0,0.0,-2098581.25,7.422070980072021,499.9410095214844,0.001552042318508,56953.5625,0.7474143505096436
47000.0,0.0,0.0,-2098584.75,8.668380737304688,493.9376831054687,0.0012143360218033,56953.5625,0.7474142909049988
47100.0,0.0,0.0,-2098582.5,7.351304531097412,498.48394775390625,0.0009430272039026,56953.5625,0.7474144697189331
47200.0,0.0,0.0,-2098582.0,8.855700492858887,499.9308776855469,0.0017325966618955,56953.5625,0.747414231300354
47300.0,0.0,0.0,-2098586.0,7.090097904205322,501.0730590820313,0.0019863685593008,56953.5625,0.7474142909049988
47400.0,0.0,0.0,-2098584.5,7.160466194152832,492.6266479492187,0.0006080945022404,56953.5625,0.7474142909049988
47500.0,0.0,0.0,-2098582.5,6.367040634155273,507.54534912109375,0.0021668532863259,56953.5625,0.7474142909049988
47600.0,0.0,0.0,-2098578.5,6.433544158935547,488.843994140625,0.0013686917955055,56953.5625,0.7474142909049988
47700.0,0.0,0.0,-2098583.25,6.726855754852295,488.7265930175781,0.0017231989186257,56953.5625,0.7474143505096436
47800.0,0.0,0.0,-2098587.25,6.654613971710205,496.4646301269531,0.0018800254911184,56953.5625,0.7474143505096436
47900.0,0.0,0.0,-2098579.5,6.761094093322754,493.47357177734375,0.0023406958207488,56953.5625,0.7474143505096436
48000.0,0.0,0.0,-2098579.75,6.813572883605957,486.9527282714844,0.0020680401939898,56953.5625,0.7474143505096436
48100.0,0.0,0.0,-2098580.75,6.877939701080322,497.5085754394531,0.0026526267174631,56953.5625,0.7474143505096436
48200.0,0.0,0.0,-2098580.25,6.643835067749023,496.8327331542969,0.0010043027577921,56953.5625,0.7474142909049988
48300.0,0.0,0.0,-2098585.5,8.036674499511719,513.5534057617188,0.0012267740676179,56953.5625,0.7474144101142883
48400.0,0.0,0.0,-2098582.0,6.4697065353393555,493.5149536132813,0.0016050946433097,56953.5625,0.7474141716957092
48500.0,0.0,0.0,-2098583.75,6.8222880363464355,483.5235900878906,0.0013948995620012,56953.5625,0.7474144101142883
48600.0,0.0,0.0,-2098582.75,7.768834590911865,485.220947265625,0.0023947439622133,56953.5625,0.747414231300354
48700.0,0.0,0.0,-2098584.0,7.327291488647461,490.160400390625,0.0014763498911634,56953.5625,0.7474142909049988
48800.0,0.0,0.0,-2098582.25,6.644644260406494,492.5761413574219,0.0021075911354273,56953.5625,0.747414231300354
48900.0,0.0,0.0,-2098588.0,8.554018020629883,499.9127807617187,0.002035537501797,56953.5625,0.7474143505096436
49000.0,0.0,0.0,-2098583.25,6.87082576751709,499.9683837890625,0.0020391147118061,56953.5625,0.7474141716957092
49100.0,0.0,0.0,-2098580.5,7.246567726135254,496.4814758300781,0.0012189638800919,56953.5625,0.7474144101142883
49200.0,0.0,0.0,-2098582.75,6.727762222290039,506.2368469238281,0.0010374998673796,56953.5625,0.747414231300354
49300.0,0.0,0.0,-2098585.0,8.154759407043457,491.1402893066406,0.0023769463878124,56953.5625,0.7474143505096436
49400.0,0.0,0.0,-2098585.75,8.52159309387207,493.1258239746094,0.0004732417874038,56953.5625,0.7474142909049988
49500.0,0.0,0.0,-2098586.5,6.8690290451049805,495.05419921875,0.0018195823067799,56953.5625,0.7474143505096436
49600.0,0.0,0.0,-2098587.25,6.898029804229736,500.40386962890625,0.0015400785487145,56953.5625,0.7474144101142883
49700.0,0.0,0.0,-2098587.25,6.709632396697998,495.1187744140625,0.0009352259803563,56953.5625,0.7474144101142883
49800.0,0.0,0.0,-2098582.5,6.417236804962158,501.3482666015625,0.0031639919616281,56953.5625,0.7474142909049988
49900.0,0.0,0.0,-2098583.75,6.604413986206055,502.5103759765625,0.0011482622940093,56953.5625,0.7474144101142883
50000.0,0.0,0.0,-2098584.0,7.708824157714844,502.6477355957031,0.0027549066580832,56953.5625,0.7474142909049988
50100.0,0.0,0.0,-2098584.0,7.336884498596191,506.7408447265625,0.0027949626091867,56953.5625,0.7474142909049988
50200.0,0.0,0.0,-2098583.75,6.647310733795166,504.44927978515625,-0.0004788555670529,56953.5625,0.7474143505096436
50300.0,0.0,0.0,-2098582.0,8.266552925109863,487.8685607910156,0.0013674026122316,56953.5625,0.7474143505096436
50400.0,0.0,0.0,-2098584.25,7.060224533081055,497.6500244140625,0.002024290850386,56953.5625,0.7474142909049988
50500.0,0.0,0.0,-2098582.5,6.969574928283691,501.93756103515625,0.0021511209197342,56953.5625,0.7474143505096436
50600.0,0.0,0.0,-2098579.25,6.37850284576416,490.232666015625,0.001969659468159,56953.5625,0.747414231300354
50700.0,0.0,0.0,-2098583.75,7.256855487823486,495.052734375,0.0014317990280687,56953.5625,0.7474142909049988
50800.0,0.0,0.0,-2098580.5,7.309133529663086,499.5973205566406,0.0015829128678888,56953.5625,0.7474142909049988
50900.0,0.0,0.0,-2098589.5,7.944361209869385,506.8782348632813,0.0008851585444062,56953.5625,0.7474142909049988
51000.0,0.0,0.0,-2098583.75,7.2618303298950195,488.29193115234375,0.0006589121185243,56953.5625,0.7474143505096436
51100.0,0.0,0.0,-2098585.25,8.841584205627441,487.64984130859375,0.0016318671405315,56953.5625,0.7474144101142883
51200.0,0.0,0.0,-2098584.5,7.01477575302124,488.01080322265625,0.0030061199795454,56953.5625,0.7474144101142883
51300.0,0.0,0.0,-2098586.25,7.690425872802734,493.2725524902344,0.0015808148309588,56953.5625,0.7474142909049988
51400.0,0.0,0.0,-2098581.75,7.444844722747803,495.0894775390625,0.0011650138767436,56953.5625,0.7474143505096436
51500.0,0.0,0.0,-2098580.25,6.857563018798828,503.1219482421875,0.0016532142180949,56953.5625,0.7474144101142883
51600.0,0.0,0.0,-2098580.75,6.657341480255127,499.1112365722656,0.0008549958001822,56953.5625,0.7474141716957092
51700.0,0.0,0.0,-2098579.0,6.716022491455078,494.660400390625,0.0027220074553042,56953.5625,0.7474144101142883
51800.0,0.0,0.0,-2098584.0,6.639188766479492,491.4021606445313,0.0025731567293405,56953.5625,0.7474142909049988
51900.0,0.0,0.0,-2098589.25,7.358784675598144,491.9820556640625,0.002637076890096,56953.5625,0.7474143505096436
52000.0,0.0,0.0,-2098583.75,6.458651542663574,487.1163940429687,0.0029407271649688,56953.5625,0.7474143505096436
52100.0,0.0,0.0,-2098587.0,7.001174449920654,495.7640380859375,0.0012859663693234,56953.5625,0.7474142909049988
52200.0,0.0,0.0,-2098585.0,6.708986282348633,498.8471984863281,0.0014107924653217,56953.5625,0.7474142909049988
52300.0,0.0,0.0,-2098581.75,6.006586074829102,501.0250549316406,0.002434883499518,56953.5625,0.7474143505096436
52400.0,0.0,0.0,-2098575.5,6.892297744750977,493.6106567382813,0.0011002647224813,56953.5625,0.7474143505096436
52500.0,0.0,0.0,-2098576.5,6.072177886962891,498.0880432128906,0.0014365710085257,56953.5625,0.7474144101142883
52600.0,0.0,0.0,-2098581.75,7.112670421600342,507.08544921875,0.0016492693684995,56953.5625,0.7474142909049988
52700.0,0.0,0.0,-2098575.5,7.147028923034668,497.378173828125,0.0021436454262584,56953.5625,0.7474142909049988
52800.0,0.0,0.0,-2098584.0,6.7632317543029785,508.7151184082031,0.0011772195575758,56953.5625,0.7474144697189331
52900.0,0.0,0.0,-2098579.0,7.352843284606934,510.1445007324219,0.0021160941105335,56953.5625,0.7474143505096436
53000.0,0.0,0.0,-2098583.25,6.8110833168029785,501.47119140625,0.0019011970143765,56953.5625,0.7474142909049988
53100.0,0.0,0.0,-2098579.0,6.285839080810547,497.0942687988281,0.0022036505397409,56953.5625,0.7474143505096436
53200.0,0.0,0.0,-2098581.0,6.542723178863525,501.8777160644531,0.0015363930724561,56953.5625,0.7474143505096436
53300.0,0.0,0.0,-2098581.25,8.762989044189453,507.7994995117187,0.0021891645155847,56953.5625,0.7474142909049988
53400.0,0.0,0.0,-2098578.75,7.871102809906006,512.358642578125,0.0019449208630248,56953.5625,0.7474144101142883
53500.0,0.0,0.0,-2098575.75,7.3844313621521,494.5984497070313,0.0011756790336221,56953.5625,0.7474143505096436
53600.0,0.0,0.0,-2098581.5,6.607743740081787,497.5006408691406,0.0024078804999589,56953.5625,0.7474144101142883
53700.0,0.0,0.0,-2098581.5,6.64338493347168,495.2688293457031,0.0013407793594524,56953.5625,0.7474144697189331
53800.0,0.0,0.0,-2098579.5,7.001585483551025,499.996826171875,0.0022988168057054,56953.5625,0.747414231300354
53900.0,0.0,0.0,-2098582.0,8.036396026611328,489.5015563964844,0.0009786421433091,56953.5625,0.7474142909049988
54000.0,0.0,0.0,-2098589.0,7.048181533813477,507.872802734375,0.0021008821204304,56953.5625,0.7474144101142883
54100.0,0.0,0.0,-2098585.0,6.049154758453369,492.16156005859375,0.0018093447433784,56953.5625,0.7474144101142883
54200.0,0.0,0.0,-2098582.25,6.461625099182129,487.9256591796875,0.0026545855216681,56953.5625,0.7474143505096436
54300.0,0.0,0.0,-2098580.0,7.549987316131592,482.7769470214844,0.001618705689907,56953.5625,0.7474142909049988
54400.0,0.0,0.0,-2098583.5,6.866707801818848,483.3660888671875,0.0012287677964195,56953.5625,0.747414231300354
54500.0,0.0,0.0,-2098583.75,7.027002334594727,501.7582702636719,0.00231778412126,56953.5625,0.7474144101142883
54600.0,0.0,0.0,-2098581.25,7.60202693939209,497.6600036621094,0.0013311452930793,56953.5625,0.7474142909049988
54700.0,0.0,0.0,-2098586.25,6.2624711990356445,507.8351745605469,0.0011945692822337,56953.5625,0.7474144697189331
54800.0,0.0,0.0,-2098580.75,6.655537128448486,492.4334411621094,0.0006441755685955,56953.5625,0.7474142909049988
54900.0,0.0,0.0,-2098583.25,6.8772735595703125,505.576904296875,0.0005821413360536,56953.5625,0.7474142909049988
55000.0,0.0,0.0,-2098581.5,6.859705924987793,501.48919677734375,0.0022437267471104,56953.5625,0.7474142909049988
55100.0,0.0,0.0,-2098576.5,7.353181838989258,512.7316284179688,0.0018007669132202,56953.5625,0.7474143505096436
55200.0,0.0,0.0,-2098580.25,7.214741706848144,511.1857299804687,0.0029380330815911,56953.5625,0.747414231300354
55300.0,0.0,0.0,-2098577.0,7.199483871459961,493.3829650878906,0.0012118445010855,56953.5625,0.7474144101142883
55400.0,0.0,0.0,-2098586.75,6.906137943267822,512.2747192382812,0.0020889393053948,56953.5625,0.7474142909049988
55500.0,0.0,0.0,-2098580.75,7.188632965087891,496.3572387695313,0.0004341034218668,56953.5625,0.747414231300354
55600.0,0.0,0.0,-2098582.5,7.028683662414551,489.2972717285156,3.462471067905426e-05,56953.5625,0.7474143505096436
55700.0,0.0,0.0,-2098584.5,9.188239097595217,507.2277221679687,0.002114241477102,56953.5625,0.7474143505096436
55800.0,0.0,0.0,-2098577.0,7.161098957061768,498.8160095214844,0.0027305895928293,56953.5625,0.7474142909049988
55900.0,0.0,0.0,-2098578.75,6.729185104370117,512.195068359375,0.0024300189688801,56953.5625,0.7474142909049988
56000.0,0.0,0.0,-2098582.0,7.127544403076172,502.646484375,0.0007739244028925,56953.5625,0.7474142909049988
56100.0,0.0,0.0,-2098580.5,7.167250633239746,497.5274963378906,0.0022316458635032,56953.5625,0.7474144101142883
56200.0,0.0,0.0,-2098586.75,6.611917495727539,496.8530578613281,0.0013136211782693,56953.5625,0.7474143505096436
56300.0,0.0,0.0,-2098583.25,7.2774338722229,502.882080078125,0.0011419166112318,56953.5625,0.7474143505096436
56400.0,0.0,0.0,-2098580.0,8.868966102600098,492.58892822265625,0.0021613365970551,56953.5625,0.747414231300354
56500.0,0.0,0.0,-2098584.75,7.366525173187256,502.64837646484375,0.0013769852230325,56953.5625,0.7474144101142883
56600.0,0.0,0.0,-2098582.5,7.2713093757629395,502.32708740234375,0.0008470769971609,56953.5625,0.7474142909049988
56700.0,0.0,0.0,-2098585.75,8.226425170898438,504.46826171875,0.0008523592259734,56953.5625,0.7474143505096436
56800.0,0.0,0.0,-2098586.0,6.747152805328369,500.0397644042969,0.0014553446089848,56953.5625,0.7474143505096436
56900.0,0.0,0.0,-2098587.75,6.938961982727051,496.613525390625,0.0006705434061586,56953.5625,0.7474143505096436
57000.0,0.0,0.0,-2098584.0,6.827755928039551,490.74713134765625,0.0017745455261319,56953.5625,0.7474142909049988
57100.0,0.0,0.0,-2098583.75,9.977546691894531,496.6792297363281,0.0022829612717032,56953.5625,0.7474142909049988
57200.0,0.0,0.0,-2098579.25,6.771188259124756,484.21234130859375,0.0013616333017125,56953.5625,0.7474142909049988
57300.0,0.0,0.0,-2098580.5,7.244124889373779,489.9055786132813,0.00267453212291,56953.5625,0.7474144697189331
57400.0,0.0,0.0,-2098586.0,7.0830183029174805,500.1803283691406,0.0012917525600641,56953.5625,0.7474142909049988
57500.0,0.0,0.0,-2098585.5,7.813318252563477,492.5301818847656,0.0016382228350266,56953.5625,0.747414231300354
57600.0,0.0,0.0,-2098587.25,7.678779602050781,499.323974609375,0.0023645188193768,56953.5625,0.7474143505096436
57700.0,0.0,0.0,-2098581.5,7.17656946182251,485.3477478027344,0.0013393904082477,56953.5625,0.7474144101142883
57800.0,0.0,0.0,-2098590.75,6.695281505584717,506.1218566894531,0.0010059657506644,56953.5625,0.7474144101142883
57900.0,0.0,0.0,-2098585.25,7.485569477081299,487.5790710449219,0.0012924718903377,56953.5625,0.7474142909049988
58000.0,0.0,0.0,-2098587.25,6.804255962371826,495.6452941894531,0.0019152814056724,56953.5625,0.7474142909049988
58100.0,0.0,0.0,-2098581.75,7.09799337387085,494.3958129882813,0.0018235354218631,56953.5625,0.7474143505096436
58200.0,0.0,0.0,-2098585.25,7.506112575531006,496.2627868652344,0.0015408333856612,56953.5625,0.7474143505096436
58300.0,0.0,0.0,-2098580.25,7.968716621398926,510.0649108886719,0.0004501503426581,56953.5625,0.7474143505096436
58400.0,0.0,0.0,-2098582.25,7.392662525177002,507.2220764160156,0.001753470278345,56953.5625,0.747414231300354
58500.0,0.0,0.0,-2098580.25,8.313878059387207,503.9122924804687,0.0017973852809518,56953.5625,0.7474143505096436
58600.0,0.0,0.0,-2098579.0,7.381048202514648,507.39697265625,0.0019789179787039,56953.5625,0.7474144697189331
58700.0,0.0,0.0,-2098581.25,7.462227821350098,503.40631103515625,0.0015546934446319,56953.5625,0.7474142909049988
58800.0,0.0,0.0,-2098582.25,6.330692291259766,503.22161865234375,0.0005420309025794,56953.5625,0.7474142909049988
58900.0,0.0,0.0,-2098580.75,6.583741188049316,503.96044921875,0.0015489689540117,56953.5625,0.747414231300354
59000.0,0.0,0.0,-2098583.0,6.794677257537842,504.9075012207031,0.0020575243979692,56953.5625,0.7474143505096436
59100.0,0.0,0.0,-2098580.75,6.688466548919678,505.58349609375,0.0012437202967703,56953.5625,0.7474144101142883
59200.0,0.0,0.0,-2098578.5,8.322327613830566,497.43505859375,0.0013058839831501,56953.5625,0.747414231300354
59300.0,0.0,0.0,-2098583.75,6.7685322761535645,506.2284851074219,0.0017226344207301,56953.5625,0.7474143505096436
59400.0,0.0,0.0,-2098579.25,6.870772361755371,499.3357543945313,0.001409821677953,56953.5625,0.7474143505096436
59500.0,0.0,0.0,-2098584.25,6.977848529815674,511.3892822265625,0.0016333817038685,56953.5625,0.7474144697189331
59600.0,0.0,0.0,-2098583.75,7.1075825691223145,501.3743591308594,0.0008538950933143,56953.5625,0.7474144101142883
59700.0,0.0,0.0,-2098581.75,6.269537448883057,504.0843200683594,0.0018313288455829,56953.5625,0.747414231300354
59800.0,0.0,0.0,-2098585.75,6.370482921600342,502.6802062988281,0.0026618773117661,56953.5625,0.7474143505096436
59900.0,0.0,0.0,-2098580.5,7.107533931732178,487.1191711425781,0.0005977761466056,56953.5625,0.7474142909049988
